{"ModelInformation": {"Name": "ModelName", "Author": "John Doe", "Organism": "Life", "Reconstruction": "GSMM", "SBML-file": "Not Provided"}, "ModelStatistics": {"nReactionsTotal": 8, "nReactionsUnique": 8, "nReactionsSpontaneous": 1, "nReactionsEnzymatic": 7, "nReactionsInternal": 7, "nReactionsExchange": 1, "nReactionsCompartmentTransport": 0, "nReactionsReversible": 0, "nReactionsIrreversible": 8, "nMetabolitesTotal": 8, "nMetabolitesInternal": 7, "nMetabolitesExternal": 1, "nMetabolitesGrowthRelevant": 0, "nBoundaryMetabolites": 1, "nEnzymesTotal": 7, "nEnzymesUnique": 2, "nBioConstraintsMetabolite": 7, "nBioConstraintsCapacity": 14, "nBioConstraintsProcess": 1, "nBioConstraintsDensity": 2, "nMathConstraintsVariables": 16, "nMathConstraintsConstraints": 24, "nMathConstraintsEqualities": 8, "nMathConstraintsInequalities": 16, "nProteinsTotal": 3, "nProcessesTotal": 1, "nModulesTotal": 0, "nCompartmentsTotal": 2, "nTargets_maintenance_atp_targets": 1, "nTargets_translation_targets": 1}, "Process": {"Translation": {"ID": "P_TA", "Name": "Translation", "Initiation": "undefined", "index": 1, "Composition": {"Protein_standard_membrane": 1, "Protein_standard_cytoplasm": 1}, "Components": {"precursor": {"Products": {"M_ADP_c": 0.0}, "Reactants": {"M_AA_c": 1.0, "M_ATP_c": 0.0}, "Cost": 1.0}}}}, "Compartment": {"Cytoplasm": {"ID": "Cytoplasm", "associatedProteins": ["Protein_standard_cytoplasm", "Protein_target"], "index": 1, "associatedReactions": ["R_AA_synthesis", "R_CitratCycle", "R_UpperGlycolysis", "R_fermentation_ATP_generation", "R_fermentation_NAD_regeneration", "R_respiration"], "associatedEnzymes": ["R_AA_synthesis_enzyme", "R_CitratCycle_enzyme", "R_UpperGlycolysis_enzyme", "R_fermentation_ATP_generation_enzyme", "R_fermentation_NAD_regeneration_enzyme", "R_respiration_enzyme"]}, "Membrane": {"ID": "Membrane", "associatedProteins": ["Protein_standard_membrane"], "index": 2, "associatedReactions": ["R_transport"], "associatedEnzymes": ["R_transport_enzyme"]}}, "Metabolite": {"M_Glucose_e": {"ID": "M_Glucose_e", "Name": " ", "OtherIDs": {}, "index": 1, "ReactionsInvolvedWith": [], "boundary": true, "Type": "external", "Compartment": "e"}, "M_G6P_c": {"ID": "M_G6P_c", "Name": " ", "OtherIDs": {}, "ReactionsInvolvedWith": ["R_transport", "R_UpperGlycolysis"], "index": 2, "boundary": false, "Type": "internal", "Compartment": "c"}, "M_pyr_c": {"ID": "M_pyr_c", "Name": " ", "OtherIDs": {}, "ReactionsInvolvedWith": ["R_UpperGlycolysis", "R_CitratCycle", "R_AA_synthesis", "R_fermentation_NAD_regeneration", "R_fermentation_ATP_generation"], "index": 3, "boundary": false, "Type": "internal", "Compartment": "c"}, "M_AA_c": {"ID": "M_AA_c", "Name": " ", "OtherIDs": {}, "ReactionsInvolvedWith": ["R_AA_synthesis"], "index": 4, "boundary": false, "Type": "internal", "Compartment": "c"}, "M_ADP_c": {"ID": "M_ADP_c", "Name": " ", "OtherIDs": {}, "ReactionsInvolvedWith": ["R_UpperGlycolysis", "R_fermentation_ATP_generation", "R_respiration", "R_maintenance_atp"], "index": 5, "boundary": false, "Type": "internal", "Compartment": "c"}, "M_ATP_c": {"ID": "M_ATP_c", "Name": " ", "OtherIDs": {}, "ReactionsInvolvedWith": ["R_UpperGlycolysis", "R_fermentation_ATP_generation", "R_respiration", "R_maintenance_atp"], "index": 6, "boundary": false, "Type": "internal", "Compartment": "c"}, "M_NAD_c": {"ID": "M_NAD_c", "Name": " ", "OtherIDs": {}, "ReactionsInvolvedWith": ["R_UpperGlycolysis", "R_CitratCycle", "R_fermentation_NAD_regeneration", "R_respiration"], "index": 7, "boundary": false, "Type": "internal", "Compartment": "c"}, "M_NADH_c": {"ID": "M_NADH_c", "Name": " ", "OtherIDs": {}, "ReactionsInvolvedWith": ["R_UpperGlycolysis", "R_CitratCycle", "R_fermentation_NAD_regeneration", "R_respiration"], "index": 8, "boundary": false, "Type": "internal", "Compartment": "c"}}, "Target": {"Target_Protein_target": {"ID": "Target_Protein_target", "Group": "translation_targets", "Type": "concentrations", "TargetSpecies": "Protein_target", "TargetValue": "nonenzymatic_proteins_Cytoplasm"}, "Target_R_maintenance_atp": {"ID": "Target_R_maintenance_atp", "Group": "maintenance_atp_targets", "Type": "reaction_fluxes", "TargetSpecies": "R_maintenance_atp", "TargetValue": "None"}}, "Module": {}, "Enzyme": {"R_transport_enzyme": {"ID": "R_transport_enzyme", "OtherIDs": {}, "Reaction": "R_transport", "index": 1, "Isozymes": [], "IdenticalEnzymes": [], "Subunits": {"Protein_standard_membrane": {"StochFac": 1}}, "EnzymeCompartment": ["Membrane"]}, "R_UpperGlycolysis_enzyme": {"ID": "R_UpperGlycolysis_enzyme", "OtherIDs": {}, "Reaction": "R_UpperGlycolysis", "index": 2, "Isozymes": [], "IdenticalEnzymes": ["R_CitratCycle_enzyme", "R_AA_synthesis_enzyme", "R_fermentation_NAD_regeneration_enzyme", "R_fermentation_ATP_generation_enzyme", "R_respiration_enzyme"], "Subunits": {"Protein_standard_cytoplasm": {"StochFac": 1}}, "EnzymeCompartment": ["Cytoplasm"]}, "R_CitratCycle_enzyme": {"ID": "R_CitratCycle_enzyme", "OtherIDs": {}, "Reaction": "R_CitratCycle", "index": 3, "Isozymes": [], "IdenticalEnzymes": ["R_UpperGlycolysis_enzyme", "R_AA_synthesis_enzyme", "R_fermentation_NAD_regeneration_enzyme", "R_fermentation_ATP_generation_enzyme", "R_respiration_enzyme"], "Subunits": {"Protein_standard_cytoplasm": {"StochFac": 1}}, "EnzymeCompartment": ["Cytoplasm"]}, "R_AA_synthesis_enzyme": {"ID": "R_AA_synthesis_enzyme", "OtherIDs": {}, "Reaction": "R_AA_synthesis", "index": 4, "Isozymes": [], "IdenticalEnzymes": ["R_UpperGlycolysis_enzyme", "R_CitratCycle_enzyme", "R_fermentation_NAD_regeneration_enzyme", "R_fermentation_ATP_generation_enzyme", "R_respiration_enzyme"], "Subunits": {"Protein_standard_cytoplasm": {"StochFac": 1}}, "EnzymeCompartment": ["Cytoplasm"]}, "R_fermentation_NAD_regeneration_enzyme": {"ID": "R_fermentation_NAD_regeneration_enzyme", "OtherIDs": {}, "Reaction": "R_fermentation_NAD_regeneration", "index": 5, "Isozymes": [], "IdenticalEnzymes": ["R_UpperGlycolysis_enzyme", "R_CitratCycle_enzyme", "R_AA_synthesis_enzyme", "R_fermentation_ATP_generation_enzyme", "R_respiration_enzyme"], "Subunits": {"Protein_standard_cytoplasm": {"StochFac": 1}}, "EnzymeCompartment": ["Cytoplasm"]}, "R_fermentation_ATP_generation_enzyme": {"ID": "R_fermentation_ATP_generation_enzyme", "OtherIDs": {}, "Reaction": "R_fermentation_ATP_generation", "index": 6, "Isozymes": [], "IdenticalEnzymes": ["R_UpperGlycolysis_enzyme", "R_CitratCycle_enzyme", "R_AA_synthesis_enzyme", "R_fermentation_NAD_regeneration_enzyme", "R_respiration_enzyme"], "Subunits": {"Protein_standard_cytoplasm": {"StochFac": 1}}, "EnzymeCompartment": ["Cytoplasm"]}, "R_respiration_enzyme": {"ID": "R_respiration_enzyme", "OtherIDs": {}, "Reaction": "R_respiration", "index": 7, "Isozymes": [], "IdenticalEnzymes": ["R_UpperGlycolysis_enzyme", "R_CitratCycle_enzyme", "R_AA_synthesis_enzyme", "R_fermentation_NAD_regeneration_enzyme", "R_fermentation_ATP_generation_enzyme"], "Subunits": {"Protein_standard_cytoplasm": {"StochFac": 1}}, "EnzymeCompartment": ["Cytoplasm"]}}, "Protein": {"Protein_standard_membrane": {"ID": "Protein_standard_membrane", "ProtoID": "Protein_standard_membrane", "ExternalIDs": {"UniprotID": "Pfunct_mem", "ECnumber": "EC nan"}, "Function": NaN, "Name": NaN, "associatedReactions": ["R_transport"], "index": 1, "associatedEnzymes": ["R_transport_enzyme"], "Compartment": "Membrane", "AAcomposition": {"precursor": 1}, "AAnumber": 1, "Weight": 1, "ProcessRequirements": {"Translation": 1.0}, "SupportsProcess": ["Translation"]}, "Protein_standard_cytoplasm": {"ID": "Protein_standard_cytoplasm", "ProtoID": "Protein_standard_cytoplasm", "ExternalIDs": {"UniprotID": "Pfunct_cyt", "ECnumber": "EC nan"}, "Function": NaN, "Name": NaN, "associatedReactions": ["R_UpperGlycolysis", "R_CitratCycle", "R_AA_synthesis", "R_fermentation_NAD_regeneration", "R_fermentation_ATP_generation", "R_respiration"], "index": 2, "associatedEnzymes": ["R_UpperGlycolysis_enzyme", "R_CitratCycle_enzyme", "R_AA_synthesis_enzyme", "R_fermentation_NAD_regeneration_enzyme", "R_fermentation_ATP_generation_enzyme", "R_respiration_enzyme"], "Compartment": "Cytoplasm", "AAcomposition": {"precursor": 1}, "AAnumber": 1, "Weight": 1, "ProcessRequirements": {"Translation": 1.0}, "SupportsProcess": ["Translation"]}, "Protein_target": {"ID": "Protein_target", "ProtoID": "Protein_target", "ExternalIDs": {"UniprotID": "Ptarg", "ECnumber": "EC nan"}, "Function": NaN, "Name": NaN, "associatedReactions": [], "index": 3, "associatedEnzymes": [], "Compartment": "Cytoplasm", "AAcomposition": {"precursor": 1}, "AAnumber": 1, "Weight": 1, "ProcessRequirements": {"Translation": 1.0}, "SupportsProcess": []}}, "Reaction": {"R_transport": {"ID": "R_transport", "Compartment_Machinery": ["Membrane"], "Name": " ", "OtherIDs": {"ProtoID": "transport"}, "index": 1, "Formula": " <=> M_G6P_c", "Reactants": {}, "Products": {"M_G6P_c": 1}, "Reversible": false, "Type": "Transport (-->)", "Compartment_Species": ["c"], "Enzyme": "R_transport_enzyme", "Twins": []}, "R_UpperGlycolysis": {"ID": "R_UpperGlycolysis", "Compartment_Machinery": ["Cytoplasm"], "Name": " ", "OtherIDs": {"ProtoID": "UpperGlycolysis"}, "index": 2, "Formula": "M_G6P_c + 2 M_ADP_c + 2 M_NAD_c <=> M_pyr_c + 2 M_ATP_c + 2 M_NADH_c", "Reactants": {"M_G6P_c": 1, "M_ADP_c": 2, "M_NAD_c": 2}, "Products": {"M_pyr_c": 1, "M_ATP_c": 2, "M_NADH_c": 2}, "Reversible": false, "Type": "Normal", "Compartment_Species": ["c"], "Enzyme": "R_UpperGlycolysis_enzyme", "Twins": []}, "R_CitratCycle": {"ID": "R_CitratCycle", "Compartment_Machinery": ["Cytoplasm"], "Name": " ", "OtherIDs": {"ProtoID": "CitratCycle"}, "index": 3, "Formula": "M_pyr_c + 4 M_NAD_c <=> M_NADH_c", "Reactants": {"M_pyr_c": 1, "M_NAD_c": 4}, "Products": {"M_NADH_c": 4}, "Reversible": false, "Type": "Normal", "Compartment_Species": ["c"], "Enzyme": "R_CitratCycle_enzyme", "Twins": []}, "R_AA_synthesis": {"ID": "R_AA_synthesis", "Compartment_Machinery": ["Cytoplasm"], "Name": " ", "OtherIDs": {"ProtoID": "AA_synthesis"}, "index": 4, "Formula": "M_pyr_c <=> M_AA_c", "Reactants": {"M_pyr_c": 2}, "Products": {"M_AA_c": 1}, "Reversible": false, "Type": "Normal", "Compartment_Species": ["c"], "Enzyme": "R_AA_synthesis_enzyme", "Twins": []}, "R_fermentation_NAD_regeneration": {"ID": "R_fermentation_NAD_regeneration", "Compartment_Machinery": ["Cytoplasm"], "Name": " ", "OtherIDs": {"ProtoID": "fermentation_NAD_regeneration"}, "index": 5, "Formula": "M_pyr_c + 2 M_NADH_c <=> M_NAD_c", "Reactants": {"M_pyr_c": 1, "M_NADH_c": 2}, "Products": {"M_NAD_c": 2}, "Reversible": false, "Type": "Normal", "Compartment_Species": ["c"], "Enzyme": "R_fermentation_NAD_regeneration_enzyme", "Twins": []}, "R_fermentation_ATP_generation": {"ID": "R_fermentation_ATP_generation", "Compartment_Machinery": ["Cytoplasm"], "Name": " ", "OtherIDs": {"ProtoID": "fermentation_ATP_generation"}, "index": 6, "Formula": "M_pyr_c + 1 M_ADP_c <=> M_ATP_c", "Reactants": {"M_pyr_c": 1, "M_ADP_c": 1}, "Products": {"M_ATP_c": 1}, "Reversible": false, "Type": "Normal", "Compartment_Species": ["c"], "Enzyme": "R_fermentation_ATP_generation_enzyme", "Twins": []}, "R_respiration": {"ID": "R_respiration", "Compartment_Machinery": ["Cytoplasm"], "Name": " ", "OtherIDs": {"ProtoID": "respiration"}, "index": 7, "Formula": "M_ADP_c + 1 M_NADH_c <=> M_ATP_c + 1 M_NAD_c", "Reactants": {"M_ADP_c": 2, "M_NADH_c": 1}, "Products": {"M_ATP_c": 2, "M_NAD_c": 1}, "Reversible": false, "Type": "Normal", "Compartment_Species": ["c"], "Enzyme": "R_respiration_enzyme", "Twins": []}, "R_maintenance_atp": {"ID": "R_maintenance_atp", "Compartment_Machinery": [], "Name": " ", "OtherIDs": {"ProtoID": "maintenance_atp"}, "index": 8, "Formula": "M_ATP_c <=> M_ADP_c", "Reactants": {"M_ATP_c": 1}, "Products": {"M_ADP_c": 1}, "Reversible": false, "Type": "Normal", "Compartment_Species": ["c"], "Enzyme": "", "Twins": []}}, "DensityConstraint": {"Cytoplasm_density": {"ID": "Cytoplasm_density", "AssociatedCompartment": "Cytoplasm", "index": 1, "CapacityParameter": [], "Type": "<="}, "Membrane_density": {"ID": "Membrane_density", "AssociatedCompartment": "Membrane", "index": 2, "CapacityParameter": [], "Type": "<="}}, "ProcessConstraint": {"P_TA_capacity": {"ID": "P_TA_capacity", "index": 1, "AssociatedProcess": "P_TA", "CapacityParameter": [{"ribosome_capacity": {"FunctionID": "ribosome_capacity", "FunctionType": "constant", "IndependentVariable": "growth_rate", "FunctionParameters": {"C": "1.0"}}}], "Type": "="}}, "MetaboliteConstraint": {"M_G6P_c": {"ID": "M_G6P_c", "AssociatedMetabolite": "M_G6P_c", "index": 1, "Type": "="}, "M_pyr_c": {"ID": "M_pyr_c", "AssociatedMetabolite": "M_pyr_c", "index": 2, "Type": "="}, "M_AA_c": {"ID": "M_AA_c", "AssociatedMetabolite": "M_AA_c", "index": 3, "Type": "="}, "M_ADP_c": {"ID": "M_ADP_c", "AssociatedMetabolite": "M_ADP_c", "index": 4, "Type": "="}, "M_ATP_c": {"ID": "M_ATP_c", "AssociatedMetabolite": "M_ATP_c", "index": 5, "Type": "="}, "M_NAD_c": {"ID": "M_NAD_c", "AssociatedMetabolite": "M_NAD_c", "index": 6, "Type": "="}, "M_NADH_c": {"ID": "M_NADH_c", "AssociatedMetabolite": "M_NADH_c", "index": 7, "Type": "="}}, "EnzymeConstraint": {"R_transport_enzyme_forward_capacity": {"ID": "R_transport_enzyme_forward_capacity", "AssociatedEnzyme": "R_transport_enzyme", "Direction": "forward", "index": 1, "AssociatedReaction": "R_transport", "CapacityParameter": [{"k_transporter_efficiency_foreward": {"FunctionID": "k_transporter_efficiency_foreward", "FunctionType": "michaelisMenten", "IndependentVariable": "M_Glucose_e", "FunctionParameters": {"Vmax": "1.0", "Km": "1.0"}}}], "Type": "<="}, "R_UpperGlycolysis_enzyme_forward_capacity": {"ID": "R_UpperGlycolysis_enzyme_forward_capacity", "AssociatedEnzyme": "R_UpperGlycolysis_enzyme", "Direction": "forward", "index": 2, "AssociatedReaction": "R_UpperGlycolysis", "CapacityParameter": [{"k_UpperGlycolysis_efficiency_foreward": {"FunctionID": "k_UpperGlycolysis_efficiency_foreward", "FunctionType": "constant", "IndependentVariable": "growth_rate", "FunctionParameters": {"C": "1.0"}}}], "Type": "<="}, "R_CitratCycle_enzyme_forward_capacity": {"ID": "R_CitratCycle_enzyme_forward_capacity", "AssociatedEnzyme": "R_CitratCycle_enzyme", "Direction": "forward", "index": 3, "AssociatedReaction": "R_CitratCycle", "CapacityParameter": [{"k_CitratCycle_efficiency_foreward": {"FunctionID": "k_CitratCycle_efficiency_foreward", "FunctionType": "constant", "IndependentVariable": "growth_rate", "FunctionParameters": {"C": "0.1"}}}], "Type": "<="}, "R_AA_synthesis_enzyme_forward_capacity": {"ID": "R_AA_synthesis_enzyme_forward_capacity", "AssociatedEnzyme": "R_AA_synthesis_enzyme", "Direction": "forward", "index": 4, "AssociatedReaction": "R_AA_synthesis", "CapacityParameter": [{"k_AA_synthesis_efficiency_foreward": {"FunctionID": "k_AA_synthesis_efficiency_foreward", "FunctionType": "constant", "IndependentVariable": "growth_rate", "FunctionParameters": {"C": "1.0"}}}], "Type": "<="}, "R_fermentation_NAD_regeneration_enzyme_forward_capacity": {"ID": "R_fermentation_NAD_regeneration_enzyme_forward_capacity", "AssociatedEnzyme": "R_fermentation_NAD_regeneration_enzyme", "Direction": "forward", "index": 5, "AssociatedReaction": "R_fermentation_NAD_regeneration", "CapacityParameter": [{"k_fermentation_NAD_regeneration_efficiency_foreward": {"FunctionID": "k_fermentation_NAD_regeneration_efficiency_foreward", "FunctionType": "constant", "IndependentVariable": "growth_rate", "FunctionParameters": {"C": "1.0"}}}], "Type": "<="}, "R_fermentation_ATP_generation_enzyme_forward_capacity": {"ID": "R_fermentation_ATP_generation_enzyme_forward_capacity", "AssociatedEnzyme": "R_fermentation_ATP_generation_enzyme", "Direction": "forward", "index": 6, "AssociatedReaction": "R_fermentation_ATP_generation", "CapacityParameter": [{"k_fermentation_ATP_generation_efficiency_foreward": {"FunctionID": "k_fermentation_ATP_generation_efficiency_foreward", "FunctionType": "constant", "IndependentVariable": "growth_rate", "FunctionParameters": {"C": "1.0"}}}], "Type": "<="}, "R_respiration_enzyme_forward_capacity": {"ID": "R_respiration_enzyme_forward_capacity", "AssociatedEnzyme": "R_respiration_enzyme", "Direction": "forward", "index": 7, "AssociatedReaction": "R_respiration", "CapacityParameter": [{"k_respiration_efficiency_foreward": {"FunctionID": "k_respiration_efficiency_foreward", "FunctionType": "constant", "IndependentVariable": "growth_rate", "FunctionParameters": {"C": "1.0"}}}], "Type": "<="}, "R_transport_enzyme_backward_capacity": {"ID": "R_transport_enzyme_backward_capacity", "AssociatedEnzyme": "R_transport_enzyme", "Direction": "backward", "index": 8, "AssociatedReaction": "R_transport", "CapacityParameter": [{"k_transporter_efficiency_backward": {"FunctionID": "k_transporter_efficiency_backward", "FunctionType": "michaelisMenten", "IndependentVariable": "M_Glucose_e", "FunctionParameters": {"Vmax": "1.0", "Km": "1.0"}}}], "Type": "<="}, "R_UpperGlycolysis_enzyme_backward_capacity": {"ID": "R_UpperGlycolysis_enzyme_backward_capacity", "AssociatedEnzyme": "R_UpperGlycolysis_enzyme", "Direction": "backward", "index": 9, "AssociatedReaction": "R_UpperGlycolysis", "CapacityParameter": [{"k_UpperGlycolysis_efficiency_backward": {"FunctionID": "k_UpperGlycolysis_efficiency_backward", "FunctionType": "constant", "IndependentVariable": "growth_rate", "FunctionParameters": {"C": "1.0"}}}], "Type": "<="}, "R_CitratCycle_enzyme_backward_capacity": {"ID": "R_CitratCycle_enzyme_backward_capacity", "AssociatedEnzyme": "R_CitratCycle_enzyme", "Direction": "backward", "index": 10, "AssociatedReaction": "R_CitratCycle", "CapacityParameter": [{"k_CitratCycle_efficiency_backward": {"FunctionID": "k_CitratCycle_efficiency_backward", "FunctionType": "constant", "IndependentVariable": "growth_rate", "FunctionParameters": {"C": "1.0"}}}], "Type": "<="}, "R_AA_synthesis_enzyme_backward_capacity": {"ID": "R_AA_synthesis_enzyme_backward_capacity", "AssociatedEnzyme": "R_AA_synthesis_enzyme", "Direction": "backward", "index": 11, "AssociatedReaction": "R_AA_synthesis", "CapacityParameter": [{"k_AA_synthesis_efficiency_backward": {"FunctionID": "k_AA_synthesis_efficiency_backward", "FunctionType": "constant", "IndependentVariable": "growth_rate", "FunctionParameters": {"C": "1.0"}}}], "Type": "<="}, "R_fermentation_NAD_regeneration_enzyme_backward_capacity": {"ID": "R_fermentation_NAD_regeneration_enzyme_backward_capacity", "AssociatedEnzyme": "R_fermentation_NAD_regeneration_enzyme", "Direction": "backward", "index": 12, "AssociatedReaction": "R_fermentation_NAD_regeneration", "CapacityParameter": [{"k_fermentation_NAD_regeneration_efficiency_backward": {"FunctionID": "k_fermentation_NAD_regeneration_efficiency_backward", "FunctionType": "constant", "IndependentVariable": "growth_rate", "FunctionParameters": {"C": "1.0"}}}], "Type": "<="}, "R_fermentation_ATP_generation_enzyme_backward_capacity": {"ID": "R_fermentation_ATP_generation_enzyme_backward_capacity", "AssociatedEnzyme": "R_fermentation_ATP_generation_enzyme", "Direction": "backward", "index": 13, "AssociatedReaction": "R_fermentation_ATP_generation", "CapacityParameter": [{"k_fermentation_ATP_generation_efficiency_backward": {"FunctionID": "k_fermentation_ATP_generation_efficiency_backward", "FunctionType": "constant", "IndependentVariable": "growth_rate", "FunctionParameters": {"C": "1.0"}}}], "Type": "<="}, "R_respiration_enzyme_backward_capacity": {"ID": "R_respiration_enzyme_backward_capacity", "AssociatedEnzyme": "R_respiration_enzyme", "Direction": "backward", "index": 14, "AssociatedReaction": "R_respiration", "CapacityParameter": [{"k_respiration_efficiency_backward": {"FunctionID": "k_respiration_efficiency_backward", "FunctionType": "constant", "IndependentVariable": "growth_rate", "FunctionParameters": {"C": "1.0"}}}], "Type": "<="}}, "ProteinMatrix": {"Matrix": [[0.0, 0.0, 0.0, 0.0, 0.0, 1.0, 0.0, 1.0], [1.0, 1.0, 1.0, 1.0, 1.0, 0.0, 1.0, 1.0], [0.0, 0.0, 0.0, 0.0, 0.0, 0.0, 0.0, 0.0]], "Consumers": ["R_fermentation_NAD_regeneration_enzyme", "R_respiration_enzyme", "R_fermentation_ATP_generation_enzyme", "R_UpperGlycolysis_enzyme", "R_CitratCycle_enzyme", "R_transport_enzyme", "R_AA_synthesis_enzyme", "P_TA_machinery"], "Proteins": ["Protein_standard_membrane", "Protein_standard_cytoplasm", "Protein_target"]}, "ProteinGeneMatrix": {"Matrix": [[1.0, 0.0, 0.0], [0.0, 1.0, 0.0], [0.0, 0.0, 1.0]], "Proteins": ["Protein_standard_membrane", "Protein_standard_cytoplasm", "Protein_target"], "ProtoProteins": ["Protein_standard_membrane", "Protein_standard_cytoplasm", "Protein_target"]}, "MediumDependencies": {"M_Glucose": ["R_transport_enzyme_forward_capacity", "R_transport_enzyme_backward_capacity"]}, "MuDependencies": []}