<RBAEnzymes>
	<listOfEnzymes>
		<enzyme id="R_transport_enzyme" reaction="R_transport" forward_efficiency="k_transporter_efficiency_foreward" backward_efficiency="k_transporter_efficiency_backward" zeroCost="false">
			<machineryComposition>
				<listOfReactants>
					<speciesReference species="Protein_standard_membrane" stoichiometry="1.0"/>
				</listOfReactants>
			</machineryComposition>
		</enzyme>
		<enzyme id="R_metabolism1_enzyme" reaction="R_metabolism1" forward_efficiency="k_metabolism1_efficiency_foreward" backward_efficiency="k_metabolism1_efficiency_backward" zeroCost="false">
			<machineryComposition>
				<listOfReactants>
					<speciesReference species="Protein_standard_cytoplasm" stoichiometry="1.0"/>
				</listOfReactants>
			</machineryComposition>
		</enzyme>
		<enzyme id="R_metabolism2_enzyme" reaction="R_metabolism2" forward_efficiency="k_metabolism2_efficiency_foreward" backward_efficiency="k_metabolism2_efficiency_backward" zeroCost="false">
			<machineryComposition>
				<listOfReactants>
					<speciesReference species="Protein_standard_cytoplasm" stoichiometry="1.0"/>
				</listOfReactants>
			</machineryComposition>
		</enzyme>
	</listOfEnzymes>
</RBAEnzymes>