{"ModelInformation": {"Name": "Minimal Molenaar RBA-model", "Author": "Louis Pascal Polczynski", "Organism": "Toy", "Reconstruction": " Article - doi: 10.1038/msb.2009.82", "SBML-file": NaN}, "ModelStatistics": {"Reactions Total": 3, "Reactions Unique": 3, "Reactions Spontaneous": 0, "Reactions Enzymatic": 3, "Reactions Internal": 2, "Reactions Exchange": 0, "Reactions CompartmentTransport": 1, "Reactions Reversible": 0, "Reactions Irreversible": 3, "Metabolites Total": 3, "Metabolites Internal": 2, "Metabolites External": 1, "Metabolites GrowthRelevant": 0, "Boundary Metabolites": 1, "Enzymes Total": 3, "Enzymes Unique": 2, "Proteins Total": 3, "RNAs Total": 0, "DNAs Total": 0, "Processes Total": 1, "Modules Total": 0, "Compartments Total": 2, "Biological constraints metabolite": 2, "Biological constraints capacity": 6, "Biological constraints process": 1, "Biological constraints density": 2, "Mathematical constraints variables": 7, "Mathematical constraints constraints": 11, "Mathematical constraints equalities": 3, "Mathematical constraints inequalities": 8, "Targets_translation_targets": 1}, "Process": {"Translation": {"ID": "P_TA", "Name": "Translation", "Initiation": "undefined", "index": 1, "Composition": {"Protein_standard_membrane": 1, "Protein_standard_cytoplasm": 1}, "Components": {"precursor": {"Products": {}, "Reactants": {"M_precursor_c": 1.0}, "Cost": 1.0}}}}, "Compartment": {"Cytoplasm": {"ID": "Cytoplasm", "associatedProteins": ["Protein_standard_cytoplasm", "Protein_target"], "index": 1, "associatedReactions": ["R_metabolism1", "R_metabolism2"], "associatedEnzymes": ["R_metabolism1_enzyme", "R_metabolism2_enzyme"], "associatedMacromolecules": []}, "Membrane": {"ID": "Membrane", "associatedProteins": ["Protein_standard_membrane"], "index": 2, "associatedReactions": ["R_transport"], "associatedEnzymes": ["R_transport_enzyme"], "associatedMacromolecules": []}}, "Metabolite": {"M_substrate_e": {"ID": "M_substrate_e", "Name": " ", "OtherIDs": {}, "index": 1, "ReactionsInvolvedWith": ["R_transport"], "boundary": true, "Type": "external", "Compartment": "e"}, "M_substrate_c": {"ID": "M_substrate_c", "Name": " ", "OtherIDs": {}, "ReactionsInvolvedWith": ["R_transport", "R_metabolism1", "R_metabolism2"], "index": 2, "boundary": false, "Type": "internal", "Compartment": "c"}, "M_precursor_c": {"ID": "M_precursor_c", "Name": " ", "OtherIDs": {}, "ReactionsInvolvedWith": ["R_metabolism1", "R_metabolism2"], "index": 3, "boundary": false, "Type": "internal", "Compartment": "c"}}, "Target": {"Target_concentration_Protein_target": {"ID": "Target_concentration_Protein_target", "Group": "translation_targets", "Type": "concentrations", "TargetEntity": "Protein_target", "TargetValue": "nonenzymatic_proteins_Cytoplasm"}}, "Module": {}, "Enzyme": {"R_transport_enzyme": {"ID": "R_transport_enzyme", "OtherIDs": {}, "Reaction": "R_transport", "index": 1, "Isozymes": [], "IdenticalEnzymes": [], "Subunits": {"Protein_standard_membrane": 1}, "EnzymeCompartment": ["Membrane"]}, "R_metabolism1_enzyme": {"ID": "R_metabolism1_enzyme", "OtherIDs": {}, "Reaction": "R_metabolism1", "index": 2, "Isozymes": [], "IdenticalEnzymes": ["R_metabolism2_enzyme"], "Subunits": {"Protein_standard_cytoplasm": 1}, "EnzymeCompartment": ["Cytoplasm"]}, "R_metabolism2_enzyme": {"ID": "R_metabolism2_enzyme", "OtherIDs": {}, "Reaction": "R_metabolism2", "index": 3, "Isozymes": [], "IdenticalEnzymes": ["R_metabolism1_enzyme"], "Subunits": {"Protein_standard_cytoplasm": 1}, "EnzymeCompartment": ["Cytoplasm"]}}, "Protein": {"Protein_standard_membrane": {"ID": "Protein_standard_membrane", "ProtoID": "Protein_standard", "ExternalIDs": {}, "Function": "", "Name": "", "associatedReactions": ["R_transport"], "index": 1, "associatedEnzymes": ["R_transport_enzyme"], "Compartment": "Membrane", "AAcomposition": {"precursor": 1}, "AAnumber": NaN, "Weight": NaN, "ProcessRequirements": {"Translation": 1.0}, "SupportsProcess": ["Translation"]}, "Protein_standard_cytoplasm": {"ID": "Protein_standard_cytoplasm", "ProtoID": "Protein_standard", "ExternalIDs": {}, "Function": "", "Name": "", "associatedReactions": ["R_metabolism1", "R_metabolism2"], "index": 2, "associatedEnzymes": ["R_metabolism1_enzyme", "R_metabolism2_enzyme"], "Compartment": "Cytoplasm", "AAcomposition": {"precursor": 1}, "AAnumber": NaN, "Weight": NaN, "ProcessRequirements": {"Translation": 1.0}, "SupportsProcess": ["Translation"]}, "Protein_target": {"ID": "Protein_target", "ProtoID": "Protein", "ExternalIDs": {}, "Function": "", "Name": "", "associatedReactions": [], "index": 3, "associatedEnzymes": [], "Compartment": "Cytoplasm", "AAcomposition": {"precursor": 1}, "AAnumber": NaN, "Weight": NaN, "ProcessRequirements": {"Translation": 1.0}, "SupportsProcess": []}}, "Macromolecule": {}, "Reaction": {"R_transport": {"ID": "R_transport", "Compartment_Machinery": ["Membrane"], "Name": " ", "OtherIDs": {"ProtoID": "transport"}, "index": 1, "Formula": "1 M_substrate_e  <=> 1 M_substrate_c ", "Reactants": {"M_substrate_e": 1}, "Products": {"M_substrate_c": 1}, "Reversible": false, "Type": "Transport (-->)", "Compartment_Species": ["c", "e"], "Enzyme": "R_transport_enzyme", "Twins": []}, "R_metabolism1": {"ID": "R_metabolism1", "Compartment_Machinery": ["Cytoplasm"], "Name": " ", "OtherIDs": {"ProtoID": "metabolism1"}, "index": 2, "Formula": "1 M_substrate_c  <=> 1 M_precursor_c ", "Reactants": {"M_substrate_c": 1}, "Products": {"M_precursor_c": 1}, "Reversible": false, "Type": "Normal", "Compartment_Species": ["c"], "Enzyme": "R_metabolism1_enzyme", "Twins": []}, "R_metabolism2": {"ID": "R_metabolism2", "Compartment_Machinery": ["Cytoplasm"], "Name": " ", "OtherIDs": {"ProtoID": "metabolism2"}, "index": 3, "Formula": "1 M_substrate_c  <=> 0.64 M_precursor_c ", "Reactants": {"M_substrate_c": 1}, "Products": {"M_precursor_c": 0.64}, "Reversible": false, "Type": "Normal", "Compartment_Species": ["c"], "Enzyme": "R_metabolism2_enzyme", "Twins": []}}, "DensityConstraint": {"Cytoplasm_density": {"ID": "Cytoplasm_density", "AssociatedCompartment": "Cytoplasm", "index": 1, "CapacityParameter": [], "Type": "<="}, "Membrane_density": {"ID": "Membrane_density", "AssociatedCompartment": "Membrane", "index": 2, "CapacityParameter": [], "Type": "<="}}, "ProcessConstraint": {"P_TA_capacity": {"ID": "P_TA_capacity", "index": 1, "AssociatedProcess": "P_TA", "CapacityParameter": [{"ribosome_capacity": {"FunctionID": "ribosome_capacity", "FunctionType": "constant", "IndependentVariable": "growth_rate", "FunctionParameters": {"C": "1.0"}}}], "Type": "="}}, "MetaboliteConstraint": {"M_substrate_c": {"ID": "M_substrate_c_mass_balance", "AssociatedMetabolite": "M_substrate_c", "index": 1, "Type": "="}, "M_precursor_c": {"ID": "M_precursor_c_mass_balance", "AssociatedMetabolite": "M_precursor_c", "index": 2, "Type": "="}}, "EnzymeConstraint": {"R_transport_enzyme_forward_capacity": {"ID": "R_transport_enzyme_forward_capacity", "AssociatedEnzyme": "R_transport_enzyme", "Direction": "forward", "index": 1, "AssociatedReaction": "R_transport", "CapacityParameter": [{"k_transporter_efficiency_foreward": {"FunctionID": "k_transporter_efficiency_foreward", "FunctionType": "michaelisMenten", "IndependentVariable": "M_substrate_e", "FunctionParameters": {"Vmax": "1.0", "Km": "1.0"}}}], "Type": "<="}, "R_metabolism1_enzyme_forward_capacity": {"ID": "R_metabolism1_enzyme_forward_capacity", "AssociatedEnzyme": "R_metabolism1_enzyme", "Direction": "forward", "index": 2, "AssociatedReaction": "R_metabolism1", "CapacityParameter": [{"k_metabolism1_efficiency_foreward": {"FunctionID": "k_metabolism1_efficiency_foreward", "FunctionType": "constant", "IndependentVariable": "growth_rate", "FunctionParameters": {"C": "0.3"}}}], "Type": "<="}, "R_metabolism2_enzyme_forward_capacity": {"ID": "R_metabolism2_enzyme_forward_capacity", "AssociatedEnzyme": "R_metabolism2_enzyme", "Direction": "forward", "index": 3, "AssociatedReaction": "R_metabolism2", "CapacityParameter": [{"k_metabolism2_efficiency_foreward": {"FunctionID": "k_metabolism2_efficiency_foreward", "FunctionType": "constant", "IndependentVariable": "growth_rate", "FunctionParameters": {"C": "1.0"}}}], "Type": "<="}, "R_transport_enzyme_backward_capacity": {"ID": "R_transport_enzyme_backward_capacity", "AssociatedEnzyme": "R_transport_enzyme", "Direction": "backward", "index": 4, "AssociatedReaction": "R_transport", "CapacityParameter": [{"k_transporter_efficiency_backward": {"FunctionID": "k_transporter_efficiency_backward", "FunctionType": "michaelisMenten", "IndependentVariable": "M_substrate_e", "FunctionParameters": {"Vmax": "1.0", "Km": "1.0"}}}], "Type": "<="}, "R_metabolism1_enzyme_backward_capacity": {"ID": "R_metabolism1_enzyme_backward_capacity", "AssociatedEnzyme": "R_metabolism1_enzyme", "Direction": "backward", "index": 5, "AssociatedReaction": "R_metabolism1", "CapacityParameter": [{"k_metabolism1_efficiency_backward": {"FunctionID": "k_metabolism1_efficiency_backward", "FunctionType": "constant", "IndependentVariable": "growth_rate", "FunctionParameters": {"C": "1.0"}}}], "Type": "<="}, "R_metabolism2_enzyme_backward_capacity": {"ID": "R_metabolism2_enzyme_backward_capacity", "AssociatedEnzyme": "R_metabolism2_enzyme", "Direction": "backward", "index": 6, "AssociatedReaction": "R_metabolism2", "CapacityParameter": [{"k_metabolism2_efficiency_backward": {"FunctionID": "k_metabolism2_efficiency_backward", "FunctionType": "constant", "IndependentVariable": "growth_rate", "FunctionParameters": {"C": "1.0"}}}], "Type": "<="}}, "ProteinMatrix": {"Matrix": [[0.0, 0.0, 1.0, 1.0], [1.0, 1.0, 0.0, 1.0], [0.0, 0.0, 0.0, 0.0]], "Consumers": ["R_metabolism2_enzyme", "R_metabolism1_enzyme", "R_transport_enzyme", "P_TA_machinery"], "Proteins": ["Protein_standard_membrane", "Protein_standard_cytoplasm", "Protein_target"]}, "ProteinGeneMatrix": {"Matrix": [[1.0, 1.0, 0.0], [0.0, 0.0, 1.0]], "Proteins": ["Protein_standard_membrane", "Protein_standard_cytoplasm", "Protein_target"], "ProtoProteins": ["Protein_standard", "Protein"]}, "MediumDependencies": {"M_substrate": ["R_transport_enzyme_forward_capacity", "R_transport_enzyme_backward_capacity"]}, "MuDependencies": []}