{"ModelInformation": {"Name": "ModelName", "Author": "John Doe", "Organism": "Life", "Reconstruction": "GSMM", "SBML-file": "Not Provided"}, "ModelStatistics": {"Reactions Total": 3, "Reactions Unique": 3, "Reactions Spontaneous": 0, "Reactions Enzymatic": 3, "Reactions Internal": 2, "Reactions Exchange": 0, "Reactions CompartmentTransport": 1, "Reactions Reversible": 0, "Reactions Irreversible": 3, "Metabolites Total": 3, "Metabolites Internal": 2, "Metabolites External": 1, "Metabolites GrowthRelevant": 0, "Boundary Metabolites": 1, "Enzymes Total": 3, "Enzymes Unique": 2, "Proteins Total": 3, "RNAs Total": 0, "DNAs Total": 0, "Processes Total": 1, "Modules Total": 0, "Compartments Total": 2, "Biological constraints metabolite": 2, "Biological constraints capacity": 6, "Biological constraints process": 1, "Biological constraints density": 2, "Mathematical constraints variables": 7, "Mathematical constraints constraints": 11, "Mathematical constraints equalities": 3, "Mathematical constraints inequalities": 8, "Targets_translation_targets": 1}, "Process": {"Translation": {"ID": "P_TA", "Name": "Translation", "Initiation": "undefined", "index": 1, "Composition": {"Protein_standard_membrane": 1, "Protein_standard_cytoplasm": 1}, "Components": {"precursor": {"Products": {}, "Reactants": {"M_precursor_c": 1.0}, "Cost": 1.0}}, "Capacity_Constraint": "P_TA_capacity"}}, "Compartment": {"Cytoplasm": {"ID": "Cytoplasm", "associatedProteins": ["Protein_standard_cytoplasm", "Protein_target"], "index": 1, "associatedReactions": ["R_metabolism1", "R_metabolism2"], "associatedEnzymes": ["R_metabolism1_enzyme", "R_metabolism2_enzyme"], "associatedMacromolecules": [], "Capacity_Constraint": "Cytoplasm_density"}, "Membrane": {"ID": "Membrane", "associatedProteins": ["Protein_standard_membrane"], "index": 2, "associatedReactions": ["R_transport"], "associatedEnzymes": ["R_transport_enzyme"], "associatedMacromolecules": [], "Capacity_Constraint": "Membrane_density"}}, "Metabolite": {"M_substrate_e": {"ID": "M_substrate_e", "Name": " ", "OtherIDs": {}, "index": 1, "ReactionsInvolvedWith": ["R_transport"], "boundary": true, "Type": "external", "Compartment": "e", "AssociatedTarget": "", "MassBalance_Constraint": ""}, "M_substrate_c": {"ID": "M_substrate_c", "Name": " ", "OtherIDs": {}, "ReactionsInvolvedWith": ["R_transport", "R_metabolism1", "R_metabolism2"], "index": 2, "boundary": false, "Type": "internal", "Compartment": "c", "AssociatedTarget": "", "MassBalance_Constraint": "M_substrate_c_mass_balance"}, "M_precursor_c": {"ID": "M_precursor_c", "Name": " ", "OtherIDs": {}, "ReactionsInvolvedWith": ["R_metabolism1", "R_metabolism2"], "index": 3, "boundary": false, "Type": "internal", "Compartment": "c", "AssociatedTarget": "", "MassBalance_Constraint": "M_precursor_c_mass_balance"}}, "Target": {"Target_concentration_Protein_target": {"ID": "Target_concentration_Protein_target", "Group": "translation_targets", "Type": "concentrations", "TargetEntity": "Protein_target", "TargetParameterID": "nonenzymatic_proteins_Cytoplasm", "TargetParameter": {"Type": "linear", "Generic_latex": "$a _/_mu + b$", "Specific_latex": "$5.0 _/_mu + 0.0$", "Equation": "LINEAR_CONSTANT+LINEAR_COEF*growth_rate", "Variables": ["growth_rate"], "Function_parameters": {"LINEAR_CONSTANT": 0.0, "LINEAR_COEF": 5.0, "X_MIN": -Infinity, "X_MAX": Infinity, "Y_MIN": -Infinity, "Y_MAX": Infinity}, "Multiplicative Terms": ["nonenzymatic_proteins_Cytoplasm"]}, "Generic parameter definition": "$a _/_mu + b$", "Specific parameter definition": "$5.0 _/_mu + 0.0$", "TargetConstraint": "Value"}}, "Module": {}, "Enzyme": {"R_transport_enzyme": {"ID": "R_transport_enzyme", "OtherIDs": {}, "Reaction": "R_transport", "index": 1, "Isozymes": [], "IdenticalEnzymes": [], "EnzymesWithIdenticalSubunitComposition": [], "Subunits": {"Protein_standard_membrane": 1}, "EnzymeCompartment": ["Membrane"], "ForwardCapacity_Constraint": "R_transport_enzyme_forward_capacity", "BackwardCapacity_Constraint": "R_transport_enzyme_backward_capacity"}, "R_metabolism1_enzyme": {"ID": "R_metabolism1_enzyme", "OtherIDs": {}, "Reaction": "R_metabolism1", "index": 2, "Isozymes": [], "IdenticalEnzymes": ["R_metabolism2_enzyme"], "EnzymesWithIdenticalSubunitComposition": [], "Subunits": {"Protein_standard_cytoplasm": 1}, "EnzymeCompartment": ["Cytoplasm"], "ForwardCapacity_Constraint": "R_metabolism1_enzyme_forward_capacity", "BackwardCapacity_Constraint": "R_metabolism1_enzyme_backward_capacity"}, "R_metabolism2_enzyme": {"ID": "R_metabolism2_enzyme", "OtherIDs": {}, "Reaction": "R_metabolism2", "index": 3, "Isozymes": [], "IdenticalEnzymes": ["R_metabolism1_enzyme"], "EnzymesWithIdenticalSubunitComposition": [], "Subunits": {"Protein_standard_cytoplasm": 1}, "EnzymeCompartment": ["Cytoplasm"], "ForwardCapacity_Constraint": "R_metabolism2_enzyme_forward_capacity", "BackwardCapacity_Constraint": "R_metabolism2_enzyme_backward_capacity"}}, "Protein": {"Protein_standard_membrane": {"ID": "Protein_standard_membrane", "ProtoID": "Protein_standard", "ExternalIDs": {}, "Function": "", "Name": "", "associatedReactions": ["R_transport"], "index": 1, "associatedEnzymes": ["R_transport_enzyme"], "Compartment": "Membrane", "AAcomposition": {"precursor": 1}, "AAnumber": 1, "Weight": NaN, "ProcessRequirements": {"Translation": 1.0}, "SupportsProcess": ["Translation"], "AssociatedTarget": ""}, "Protein_standard_cytoplasm": {"ID": "Protein_standard_cytoplasm", "ProtoID": "Protein_standard", "ExternalIDs": {}, "Function": "", "Name": "", "associatedReactions": ["R_metabolism1", "R_metabolism2"], "index": 2, "associatedEnzymes": ["R_metabolism1_enzyme", "R_metabolism2_enzyme"], "Compartment": "Cytoplasm", "AAcomposition": {"precursor": 1}, "AAnumber": 1, "Weight": NaN, "ProcessRequirements": {"Translation": 1.0}, "SupportsProcess": ["Translation"], "AssociatedTarget": ""}, "Protein_target": {"ID": "Protein_target", "ProtoID": "Protein", "ExternalIDs": {}, "Function": "", "Name": "", "associatedReactions": [], "index": 3, "associatedEnzymes": [], "Compartment": "Cytoplasm", "AAcomposition": {"precursor": 1}, "AAnumber": 1, "Weight": NaN, "ProcessRequirements": {"Translation": 1.0}, "SupportsProcess": [], "AssociatedTarget": "Target_concentration_Protein_target"}}, "Macromolecule": {}, "Reaction": {"R_transport": {"ID": "R_transport", "Compartment_Machinery": ["Membrane"], "Name": " ", "OtherIDs": {"ProtoID": "transport"}, "index": 1, "Formula": "1 M_substrate_e  <=> 1 M_substrate_c ", "Reactants": {"M_substrate_e": 1}, "Products": {"M_substrate_c": 1}, "Reversible": false, "Type": "Transport (-->)", "Compartment_Species": ["e", "c"], "Enzyme": "R_transport_enzyme", "Twins": [], "AssociatedTarget": ""}, "R_metabolism1": {"ID": "R_metabolism1", "Compartment_Machinery": ["Cytoplasm"], "Name": " ", "OtherIDs": {"ProtoID": "metabolism1"}, "index": 2, "Formula": "1 M_substrate_c  <=> 1 M_precursor_c ", "Reactants": {"M_substrate_c": 1}, "Products": {"M_precursor_c": 1}, "Reversible": false, "Type": "Normal", "Compartment_Species": ["c"], "Enzyme": "R_metabolism1_enzyme", "Twins": [], "AssociatedTarget": ""}, "R_metabolism2": {"ID": "R_metabolism2", "Compartment_Machinery": ["Cytoplasm"], "Name": " ", "OtherIDs": {"ProtoID": "metabolism2"}, "index": 3, "Formula": "1 M_substrate_c  <=> 0.64 M_precursor_c ", "Reactants": {"M_substrate_c": 1}, "Products": {"M_precursor_c": 0.64}, "Reversible": false, "Type": "Normal", "Compartment_Species": ["c"], "Enzyme": "R_metabolism2_enzyme", "Twins": [], "AssociatedTarget": ""}}, "DensityConstraint": {"Cytoplasm_density": {"ID": "Cytoplasm_density", "AssociatedCompartment": "Cytoplasm", "CapacityParameterID": "Cytoplasm_density", "CapacityParameter": {"Type": "constant", "Generic_latex": "$C$", "Specific_latex": "$10.0$", "Equation": "CONSTANT", "Variables": ["growth_rate"], "Function_parameters": {"CONSTANT": 10.0}, "Multiplicative Terms": ["Cytoplasm_density"]}, "Generic parameter definition": "$C$", "Specific parameter definition": "$10.0$", "Type": "<="}, "Membrane_density": {"ID": "Membrane_density", "AssociatedCompartment": "Membrane", "CapacityParameterID": "Membrane_density", "CapacityParameter": {"Type": "constant", "Generic_latex": "$C$", "Specific_latex": "$10.0$", "Equation": "CONSTANT", "Variables": ["growth_rate"], "Function_parameters": {"CONSTANT": 10.0}, "Multiplicative Terms": ["Membrane_density"]}, "Generic parameter definition": "$C$", "Specific parameter definition": "$10.0$", "Type": "<="}}, "ProcessConstraint": {"P_TA_capacity": {"ID": "P_TA_capacity", "AssociatedProcess": "Translation", "AssociatedProcessID": "P_TA", "CapacityParameterID": "ribosome_capacity", "CapacityParameter": {"Type": "constant", "Generic_latex": "$C$", "Specific_latex": "$1.0$", "Equation": "CONSTANT", "Variables": ["growth_rate"], "Function_parameters": {"CONSTANT": 1.0}, "Multiplicative Terms": ["ribosome_capacity"]}, "Generic parameter definition": "$C$", "Specific parameter definition": "$1.0$", "Type": "="}}, "MetaboliteConstraint": {"M_substrate_c": {"ID": "M_substrate_c_mass_balance", "AssociatedMetabolite": "M_substrate_c", "Type": "="}, "M_precursor_c": {"ID": "M_precursor_c_mass_balance", "AssociatedMetabolite": "M_precursor_c", "Type": "="}}, "EnzymeConstraint": {"R_transport_enzyme_forward_capacity": {"ID": "R_transport_enzyme_forward_capacity", "AssociatedEnzyme": "R_transport_enzyme", "Direction": "forward", "AssociatedReaction": "R_transport", "CapacityParameterID": "k_transporter_efficiency_foreward", "CapacityParameter": {"Type": "michaelisMenten", "Generic_latex": "$_/_frac{Vc_{substrate}}{c_{substrate}+K}$", "Specific_latex": "$_/_frac{1.0c_{substrate}}{c_{substrate}+1.0}$", "Equation": "kmax*M_substrate_e/(M_substrate_e+Km)", "Variables": ["M_substrate_e"], "Function_parameters": {"kmax": 1.0, "Km": 1.0, "Y_MIN": null}, "Multiplicative Terms": ["k_transporter_efficiency_foreward"]}, "Generic parameter definition": "$_/_frac{Vc_{substrate}}{c_{substrate}+K}$", "Specific parameter definition": "$_/_frac{1.0c_{substrate}}{c_{substrate}+1.0}$", "Type": "<="}, "R_metabolism1_enzyme_forward_capacity": {"ID": "R_metabolism1_enzyme_forward_capacity", "AssociatedEnzyme": "R_metabolism1_enzyme", "Direction": "forward", "AssociatedReaction": "R_metabolism1", "CapacityParameterID": "k_metabolism1_efficiency_foreward", "CapacityParameter": {"Type": "constant", "Generic_latex": "$C$", "Specific_latex": "$0.3$", "Equation": "CONSTANT", "Variables": ["growth_rate"], "Function_parameters": {"CONSTANT": 0.3}, "Multiplicative Terms": ["k_metabolism1_efficiency_foreward"]}, "Generic parameter definition": "$C$", "Specific parameter definition": "$0.3$", "Type": "<="}, "R_metabolism2_enzyme_forward_capacity": {"ID": "R_metabolism2_enzyme_forward_capacity", "AssociatedEnzyme": "R_metabolism2_enzyme", "Direction": "forward", "AssociatedReaction": "R_metabolism2", "CapacityParameterID": "k_metabolism2_efficiency_foreward", "CapacityParameter": {"Type": "constant", "Generic_latex": "$C$", "Specific_latex": "$1.0$", "Equation": "CONSTANT", "Variables": ["growth_rate"], "Function_parameters": {"CONSTANT": 1.0}, "Multiplicative Terms": ["k_metabolism2_efficiency_foreward"]}, "Generic parameter definition": "$C$", "Specific parameter definition": "$1.0$", "Type": "<="}, "R_transport_enzyme_backward_capacity": {"ID": "R_transport_enzyme_backward_capacity", "AssociatedEnzyme": "R_transport_enzyme", "Direction": "backward", "AssociatedReaction": "R_transport", "CapacityParameterID": "k_transporter_efficiency_backward", "CapacityParameter": {"Type": "michaelisMenten", "Generic_latex": "$_/_frac{Vc_{substrate}}{c_{substrate}+K}$", "Specific_latex": "$_/_frac{1.0c_{substrate}}{c_{substrate}+1.0}$", "Equation": "kmax*M_substrate_e/(M_substrate_e+Km)", "Variables": ["M_substrate_e"], "Function_parameters": {"kmax": 1.0, "Km": 1.0, "Y_MIN": null}, "Multiplicative Terms": ["k_transporter_efficiency_backward"]}, "Generic parameter definition": "$_/_frac{Vc_{substrate}}{c_{substrate}+K}$", "Specific parameter definition": "$_/_frac{1.0c_{substrate}}{c_{substrate}+1.0}$", "Type": "<="}, "R_metabolism1_enzyme_backward_capacity": {"ID": "R_metabolism1_enzyme_backward_capacity", "AssociatedEnzyme": "R_metabolism1_enzyme", "Direction": "backward", "AssociatedReaction": "R_metabolism1", "CapacityParameterID": "k_metabolism1_efficiency_backward", "CapacityParameter": {"Type": "constant", "Generic_latex": "$C$", "Specific_latex": "$1.0$", "Equation": "CONSTANT", "Variables": ["growth_rate"], "Function_parameters": {"CONSTANT": 1.0}, "Multiplicative Terms": ["k_metabolism1_efficiency_backward"]}, "Generic parameter definition": "$C$", "Specific parameter definition": "$1.0$", "Type": "<="}, "R_metabolism2_enzyme_backward_capacity": {"ID": "R_metabolism2_enzyme_backward_capacity", "AssociatedEnzyme": "R_metabolism2_enzyme", "Direction": "backward", "AssociatedReaction": "R_metabolism2", "CapacityParameterID": "k_metabolism2_efficiency_backward", "CapacityParameter": {"Type": "constant", "Generic_latex": "$C$", "Specific_latex": "$1.0$", "Equation": "CONSTANT", "Variables": ["growth_rate"], "Function_parameters": {"CONSTANT": 1.0}, "Multiplicative Terms": ["k_metabolism2_efficiency_backward"]}, "Generic parameter definition": "$C$", "Specific parameter definition": "$1.0$", "Type": "<="}}, "ProteinMatrix": {"Matrix": [[0.0, 1.0, 0.0, 1.0], [1.0, 1.0, 1.0, 0.0], [0.0, 0.0, 0.0, 0.0]], "Consumers": ["R_metabolism2_enzyme", "P_TA_machinery", "R_metabolism1_enzyme", "R_transport_enzyme"], "Proteins": ["Protein_standard_membrane", "Protein_standard_cytoplasm", "Protein_target"]}, "ProteinGeneMatrix": {"Matrix": [[1.0, 1.0, 0.0], [0.0, 0.0, 1.0]], "Proteins": ["Protein_standard_membrane", "Protein_standard_cytoplasm", "Protein_target"], "ProtoProteins": ["Protein_standard", "Protein"]}, "MediumDependencies": {"M_substrate_e": ["R_transport_enzyme_forward_capacity", "R_transport_enzyme_backward_capacity"]}, "MuDependencies": ["Target_concentration_Protein_target"]}