<RBAParameters>
	<listOfFunctions>
		<function id="ribosome_capacity" type="constant" variable="growth_rate">
			<listOfParameters>
				<parameter id="CONSTANT" value="1"/>
			</listOfParameters>
		</function>
		<function id="k_metabolism1_efficiency_foreward" type="constant" variable="growth_rate">
			<listOfParameters>
				<parameter id="CONSTANT" value="0.3"/>
			</listOfParameters>
		</function>
		<function id="k_metabolism1_efficiency_backward" type="constant" variable="growth_rate">
			<listOfParameters>
				<parameter id="CONSTANT" value="1"/>
			</listOfParameters>
		</function>
		<function id="k_metabolism2_efficiency_foreward" type="constant" variable="growth_rate">
			<listOfParameters>
				<parameter id="CONSTANT" value="1"/>
			</listOfParameters>
		</function>
		<function id="k_metabolism2_efficiency_backward" type="constant" variable="growth_rate">
			<listOfParameters>
				<parameter id="CONSTANT" value="1"/>
			</listOfParameters>
		</function>
		<function id="k_transporter_efficiency_foreward" type="michaelisMenten" variable="M_substrate_e">
			<listOfParameters>
				<parameter id="kmax" value="1"/>
				<parameter id="Km" value="1"/>
			</listOfParameters>
		</function>
		<function id="k_transporter_efficiency_backward" type="michaelisMenten" variable="M_substrate_e">
			<listOfParameters>
				<parameter id="kmax" value="1"/>
				<parameter id="Km" value="1"/>
			</listOfParameters>
		</function>
		<function id="nonenzymatic_proteins_Cytoplasm" type="linear" variable="growth_rate">
			<listOfParameters>
				<parameter id="LINEAR_CONSTANT" value="0"/>
				<parameter id="LINEAR_COEF" value="5"/>
				<parameter id="X_MIN" value="-inf"/>
				<parameter id="X_MAX" value="inf"/>
				<parameter id="Y_MIN" value="-inf"/>
				<parameter id="Y_MAX" value="inf"/>
			</listOfParameters>
		</function>
		<function id="Cytoplasm_density" type="constant" variable="growth_rate">
			<listOfParameters>
				<parameter id="CONSTANT" value="10"/>
			</listOfParameters>
		</function>
		<function id="Membrane_density" type="constant" variable="growth_rate">
			<listOfParameters>
				<parameter id="CONSTANT" value="10"/>
			</listOfParameters>
		</function>
	</listOfFunctions>
	<listOfAggregates>
	</listOfAggregates>
</RBAParameters>