{"Enzyme": {"R_CitratCycle_enzyme": {"index": 3, "Reaction": "R_CitratCycle", "EnzymeCompartment": ["Cytoplasm"], "ID": "R_CitratCycle_enzyme", "Isozymes": [], "Subunits": {"Protein_standard_cytoplasm": 1}, "IdenticalEnzymes": ["R_fermentation_NAD_regeneration_enzyme", "R_UpperGlycolysis_enzyme", "R_fermentation_ATP_generation_enzyme", "R_respiration_enzyme", "R_AA_synthesis_enzyme"], "OtherIDs": {}}, "R_fermentation_NAD_regeneration_enzyme": {"index": 5, "Reaction": "R_fermentation_NAD_regeneration", "EnzymeCompartment": ["Cytoplasm"], "ID": "R_fermentation_NAD_regeneration_enzyme", "Isozymes": [], "Subunits": {"Protein_standard_cytoplasm": 1}, "IdenticalEnzymes": ["R_CitratCycle_enzyme", "R_UpperGlycolysis_enzyme", "R_fermentation_ATP_generation_enzyme", "R_respiration_enzyme", "R_AA_synthesis_enzyme"], "OtherIDs": {}}, "R_transport_enzyme": {"index": 1, "Reaction": "R_transport", "EnzymeCompartment": ["Membrane"], "ID": "R_transport_enzyme", "Isozymes": [], "Subunits": {"Protein_standard_membrane": 1}, "IdenticalEnzymes": [], "OtherIDs": {}}, "R_UpperGlycolysis_enzyme": {"index": 2, "Reaction": "R_UpperGlycolysis", "EnzymeCompartment": ["Cytoplasm"], "ID": "R_UpperGlycolysis_enzyme", "Isozymes": [], "Subunits": {"Protein_standard_cytoplasm": 1}, "IdenticalEnzymes": ["R_CitratCycle_enzyme", "R_fermentation_NAD_regeneration_enzyme", "R_fermentation_ATP_generation_enzyme", "R_respiration_enzyme", "R_AA_synthesis_enzyme"], "OtherIDs": {}}, "R_fermentation_ATP_generation_enzyme": {"index": 6, "Reaction": "R_fermentation_ATP_generation", "EnzymeCompartment": ["Cytoplasm"], "ID": "R_fermentation_ATP_generation_enzyme", "Isozymes": [], "Subunits": {"Protein_standard_cytoplasm": 1}, "IdenticalEnzymes": ["R_CitratCycle_enzyme", "R_fermentation_NAD_regeneration_enzyme", "R_UpperGlycolysis_enzyme", "R_respiration_enzyme", "R_AA_synthesis_enzyme"], "OtherIDs": {}}, "R_respiration_enzyme": {"index": 7, "Reaction": "R_respiration", "EnzymeCompartment": ["Cytoplasm"], "ID": "R_respiration_enzyme", "Isozymes": [], "Subunits": {"Protein_standard_cytoplasm": 1}, "IdenticalEnzymes": ["R_CitratCycle_enzyme", "R_fermentation_NAD_regeneration_enzyme", "R_UpperGlycolysis_enzyme", "R_fermentation_ATP_generation_enzyme", "R_AA_synthesis_enzyme"], "OtherIDs": {}}, "R_AA_synthesis_enzyme": {"index": 4, "Reaction": "R_AA_synthesis", "EnzymeCompartment": ["Cytoplasm"], "ID": "R_AA_synthesis_enzyme", "Isozymes": [], "Subunits": {"Protein_standard_cytoplasm": 1}, "IdenticalEnzymes": ["R_CitratCycle_enzyme", "R_fermentation_NAD_regeneration_enzyme", "R_UpperGlycolysis_enzyme", "R_fermentation_ATP_generation_enzyme", "R_respiration_enzyme"], "OtherIDs": {}}}, "Metabolite": {"M_AA_c": {"Name": " ", "index": 4, "Type": "internal", "boundary": false, "Compartment": "c", "ID": "M_AA_c", "ReactionsInvolvedWith": ["R_AA_synthesis"], "OtherIDs": {}}, "M_ATP_c": {"Name": " ", "index": 6, "Type": "internal", "boundary": false, "Compartment": "c", "ID": "M_ATP_c", "ReactionsInvolvedWith": ["R_UpperGlycolysis", "R_fermentation_ATP_generation", "R_respiration", "R_maintenance_atp"], "OtherIDs": {}}, "M_NADH_c": {"Name": " ", "index": 8, "Type": "internal", "boundary": false, "Compartment": "c", "ID": "M_NADH_c", "ReactionsInvolvedWith": ["R_UpperGlycolysis", "R_CitratCycle", "R_fermentation_NAD_regeneration", "R_respiration"], "OtherIDs": {}}, "M_ADP_c": {"Name": " ", "index": 5, "Type": "internal", "boundary": false, "Compartment": "c", "ID": "M_ADP_c", "ReactionsInvolvedWith": ["R_UpperGlycolysis", "R_fermentation_ATP_generation", "R_respiration", "R_maintenance_atp"], "OtherIDs": {}}, "M_pyr_c": {"Name": " ", "index": 3, "Type": "internal", "boundary": false, "Compartment": "c", "ID": "M_pyr_c", "ReactionsInvolvedWith": ["R_UpperGlycolysis", "R_CitratCycle", "R_AA_synthesis", "R_fermentation_NAD_regeneration", "R_fermentation_ATP_generation"], "OtherIDs": {}}, "M_NAD_c": {"Name": " ", "index": 7, "Type": "internal", "boundary": false, "Compartment": "c", "ID": "M_NAD_c", "ReactionsInvolvedWith": ["R_UpperGlycolysis", "R_CitratCycle", "R_fermentation_NAD_regeneration", "R_respiration"], "OtherIDs": {}}, "M_Glucose_e": {"Name": " ", "index": 1, "Type": "external", "boundary": true, "Compartment": "e", "ID": "M_Glucose_e", "ReactionsInvolvedWith": ["R_transport"], "OtherIDs": {}}, "M_G6P_c": {"Name": " ", "index": 2, "Type": "internal", "boundary": false, "Compartment": "c", "ID": "M_G6P_c", "ReactionsInvolvedWith": ["R_transport", "R_UpperGlycolysis"], "OtherIDs": {}}}, "Target": {"Target_concentration_Protein_target": {"ID": "Target_concentration_Protein_target", "Type": "concentrations", "Group": "translation_targets", "TargetValue": "nonenzymatic_proteins_Cytoplasm", "TargetEntity": "Protein_target"}, "Target_flux_R_maintenance_atp": {"ID": "Target_flux_R_maintenance_atp", "Type": "reaction_fluxes", "Group": "maintenance_atp_targets", "TargetValue": "None", "TargetEntity": "R_maintenance_atp"}}, "Protein": {"Protein_standard_cytoplasm": {"Name": "", "index": 2, "AAnumber": NaN, "Weight": NaN, "Function": "", "associatedEnzymes": ["R_CitratCycle_enzyme", "R_fermentation_NAD_regeneration_enzyme", "R_UpperGlycolysis_enzyme", "R_fermentation_ATP_generation_enzyme", "R_respiration_enzyme", "R_AA_synthesis_enzyme"], "Compartment": "Cytoplasm", "ProtoID": "Protein_standard", "SupportsProcess": ["Translation"], "associatedReactions": ["R_CitratCycle", "R_fermentation_NAD_regeneration", "R_UpperGlycolysis", "R_fermentation_ATP_generation", "R_respiration", "R_AA_synthesis"], "ExternalIDs": {}, "AAcomposition": {"precursor": 1}, "ID": "Protein_standard_cytoplasm", "ProcessRequirements": {"Translation": 1.0}}, "Protein_target": {"Name": "", "index": 3, "AAnumber": NaN, "Weight": NaN, "Function": "", "associatedEnzymes": [], "Compartment": "Cytoplasm", "ProtoID": "Protein", "SupportsProcess": [], "associatedReactions": [], "ExternalIDs": {}, "AAcomposition": {"precursor": 1}, "ID": "Protein_target", "ProcessRequirements": {"Translation": 1.0}}, "Protein_standard_membrane": {"Name": "", "index": 1, "AAnumber": NaN, "Weight": NaN, "Function": "", "associatedEnzymes": ["R_transport_enzyme"], "Compartment": "Membrane", "ProtoID": "Protein_standard", "SupportsProcess": ["Translation"], "associatedReactions": ["R_transport"], "ExternalIDs": {}, "AAcomposition": {"precursor": 1}, "ID": "Protein_standard_membrane", "ProcessRequirements": {"Translation": 1.0}}}, "Process": {"Translation": {"Name": "Translation", "index": 1, "Components": {"precursor": {"Cost": 1.0, "Reactants": {"M_AA_c": 1.0, "M_ATP_c": 0.0}, "Products": {"M_ADP_c": 0.0}}}, "Composition": {"Protein_standard_cytoplasm": 1, "Protein_standard_membrane": 1}, "ID": "P_TA", "Initiation": "undefined"}}, "ModelInformation": {"Name": "ModelName", "SBML-file": "Not Provided", "Reconstruction": "GSMM", "Author": "John Doe", "Organism": "Life"}, "Reaction": {"R_CitratCycle": {"Name": " ", "Type": "Normal", "Compartment_Machinery": ["Cytoplasm"], "Enzyme": "R_CitratCycle_enzyme", "Compartment_Species": ["c"], "index": 3, "Reactants": {"M_pyr_c": 1, "M_NAD_c": 4}, "Reversible": false, "Twins": [], "Products": {"M_NADH_c": 4}, "ID": "R_CitratCycle", "Formula": "1 M_pyr_c 4 M_NAD_c  <=> 4 M_NADH_c ", "OtherIDs": {"ProtoID": "CitratCycle"}}, "R_fermentation_ATP_generation": {"Name": " ", "Type": "Normal", "Compartment_Machinery": ["Cytoplasm"], "Enzyme": "R_fermentation_ATP_generation_enzyme", "Compartment_Species": ["c"], "index": 6, "Reactants": {"M_ADP_c": 1, "M_pyr_c": 1}, "Reversible": false, "Twins": [], "Products": {"M_ATP_c": 1}, "ID": "R_fermentation_ATP_generation", "Formula": "1 M_ADP_c 1 M_pyr_c  <=> 1 M_ATP_c ", "OtherIDs": {"ProtoID": "fermentation_ATP_generation"}}, "R_maintenance_atp": {"Name": " ", "Type": "Normal", "Compartment_Machinery": [], "Enzyme": "", "Compartment_Species": ["c"], "index": 8, "Reactants": {"M_ATP_c": 1}, "Reversible": false, "Twins": [], "Products": {"M_ADP_c": 1}, "ID": "R_maintenance_atp", "Formula": "1 M_ATP_c  <=> 1 M_ADP_c ", "OtherIDs": {"ProtoID": "maintenance_atp"}}, "R_AA_synthesis": {"Name": " ", "Type": "Normal", "Compartment_Machinery": ["Cytoplasm"], "Enzyme": "R_AA_synthesis_enzyme", "Compartment_Species": ["c"], "index": 4, "Reactants": {"M_ATP_c": 0, "M_pyr_c": 2, "M_NAD_c": 0}, "Reversible": false, "Twins": [], "Products": {"M_AA_c": 1, "M_NADH_c": 0, "M_ADP_c": 0}, "ID": "R_AA_synthesis", "Formula": "2 M_pyr_c  <=> 1 M_AA_c ", "OtherIDs": {"ProtoID": "AA_synthesis"}}, "R_fermentation_NAD_regeneration": {"Name": " ", "Type": "Normal", "Compartment_Machinery": ["Cytoplasm"], "Enzyme": "R_fermentation_NAD_regeneration_enzyme", "Compartment_Species": ["c"], "index": 5, "Reactants": {"M_NADH_c": 2, "M_pyr_c": 1}, "Reversible": false, "Twins": [], "Products": {"M_NAD_c": 2}, "ID": "R_fermentation_NAD_regeneration", "Formula": "2 M_NADH_c 1 M_pyr_c  <=> 2 M_NAD_c ", "OtherIDs": {"ProtoID": "fermentation_NAD_regeneration"}}, "R_transport": {"Name": " ", "Type": "Transport (-->)", "Compartment_Machinery": ["Membrane"], "Enzyme": "R_transport_enzyme", "Compartment_Species": ["c", "e"], "index": 1, "Reactants": {"M_Glucose_e": 1}, "Reversible": false, "Twins": [], "Products": {"M_G6P_c": 1}, "ID": "R_transport", "Formula": "1 M_Glucose_e  <=> 1 M_G6P_c ", "OtherIDs": {"ProtoID": "transport"}}, "R_UpperGlycolysis": {"Name": " ", "Type": "Normal", "Compartment_Machinery": ["Cytoplasm"], "Enzyme": "R_UpperGlycolysis_enzyme", "Compartment_Species": ["c"], "index": 2, "Reactants": {"M_ADP_c": 2, "M_NAD_c": 2, "M_G6P_c": 1}, "Reversible": false, "Twins": [], "Products": {"M_ATP_c": 2, "M_NADH_c": 2, "M_pyr_c": 1}, "ID": "R_UpperGlycolysis", "Formula": "2 M_ADP_c 2 M_NAD_c 1 M_G6P_c  <=> 2 M_ATP_c 2 M_NADH_c 1 M_pyr_c ", "OtherIDs": {"ProtoID": "UpperGlycolysis"}}, "R_respiration": {"Name": " ", "Type": "Normal", "Compartment_Machinery": ["Cytoplasm"], "Enzyme": "R_respiration_enzyme", "Compartment_Species": ["c"], "index": 7, "Reactants": {"M_NADH_c": 1, "M_ADP_c": 2.5}, "Reversible": false, "Twins": [], "Products": {"M_ATP_c": 2.5, "M_NAD_c": 1}, "ID": "R_respiration", "Formula": "1 M_NADH_c 2.5 M_ADP_c  <=> 2.5 M_ATP_c 1 M_NAD_c ", "OtherIDs": {"ProtoID": "respiration"}}}, "Compartment": {"Cytoplasm": {"index": 1, "associatedReactions": ["R_AA_synthesis", "R_CitratCycle", "R_UpperGlycolysis", "R_fermentation_ATP_generation", "R_fermentation_NAD_regeneration", "R_respiration"], "associatedMacromolecules": [], "associatedEnzymes": ["R_AA_synthesis_enzyme", "R_CitratCycle_enzyme", "R_UpperGlycolysis_enzyme", "R_fermentation_ATP_generation_enzyme", "R_fermentation_NAD_regeneration_enzyme", "R_respiration_enzyme"], "ID": "Cytoplasm", "associatedProteins": ["Protein_standard_cytoplasm", "Protein_target"]}, "Membrane": {"index": 2, "associatedReactions": ["R_transport"], "associatedMacromolecules": [], "associatedEnzymes": ["R_transport_enzyme"], "ID": "Membrane", "associatedProteins": ["Protein_standard_membrane"]}}, "Macromolecule": {}, "ProteinMatrix": {"Consumers": ["R_fermentation_NAD_regeneration_enzyme", "R_transport_enzyme", "R_AA_synthesis_enzyme", "R_UpperGlycolysis_enzyme", "R_fermentation_ATP_generation_enzyme", "R_respiration_enzyme", "P_TA_machinery", "R_CitratCycle_enzyme"], "Proteins": ["Protein_standard_cytoplasm", "Protein_target", "Protein_standard_membrane"], "Matrix": [[1.0, 0.0, 1.0, 1.0, 1.0, 1.0, 1.0, 1.0], [0.0, 0.0, 0.0, 0.0, 0.0, 0.0, 0.0, 0.0], [0.0, 1.0, 0.0, 0.0, 0.0, 0.0, 1.0, 0.0]]}, "Module": {}, "MetaboliteConstraint": {"M_AA_c": {"index": 1, "ID": "M_AA_c_mass_balance", "Type": "=", "AssociatedMetabolite": "M_AA_c"}, "M_ATP_c": {"index": 2, "ID": "M_ATP_c_mass_balance", "Type": "=", "AssociatedMetabolite": "M_ATP_c"}, "M_NADH_c": {"index": 3, "ID": "M_NADH_c_mass_balance", "Type": "=", "AssociatedMetabolite": "M_NADH_c"}, "M_ADP_c": {"index": 4, "ID": "M_ADP_c_mass_balance", "Type": "=", "AssociatedMetabolite": "M_ADP_c"}, "M_pyr_c": {"index": 5, "ID": "M_pyr_c_mass_balance", "Type": "=", "AssociatedMetabolite": "M_pyr_c"}, "M_NAD_c": {"index": 6, "ID": "M_NAD_c_mass_balance", "Type": "=", "AssociatedMetabolite": "M_NAD_c"}, "M_G6P_c": {"index": 7, "ID": "M_G6P_c_mass_balance", "Type": "=", "AssociatedMetabolite": "M_G6P_c"}}, "MuDependencies": [], "ProteinGeneMatrix": {"ProtoProteins": ["Protein_standard", "Protein"], "Proteins": ["Protein_standard_cytoplasm", "Protein_target", "Protein_standard_membrane"], "Matrix": [[1.0, 0.0, 1.0], [0.0, 1.0, 0.0]]}, "EnzymeConstraint": {"R_AA_synthesis_enzyme_backward_capacity": {"index": 1, "Type": "<=", "AssociatedReaction": "R_AA_synthesis", "Direction": "backward", "AssociatedEnzyme": "R_AA_synthesis_enzyme", "ID": "R_AA_synthesis_enzyme_backward_capacity", "CapacityParameter": [{"k_AA_synthesis_efficiency_backward": {"FunctionID": "k_AA_synthesis_efficiency_backward", "FunctionType": "constant", "IndependentVariable": "growth_rate", "FunctionParameters": {"C": "1.0"}}}]}, "R_fermentation_ATP_generation_enzyme_forward_capacity": {"index": 2, "Type": "<=", "AssociatedReaction": "R_fermentation_ATP_generation", "Direction": "forward", "AssociatedEnzyme": "R_fermentation_ATP_generation_enzyme", "ID": "R_fermentation_ATP_generation_enzyme_forward_capacity", "CapacityParameter": [{"k_fermentation_ATP_generation_efficiency_foreward": {"FunctionID": "k_fermentation_ATP_generation_efficiency_foreward", "FunctionType": "constant", "IndependentVariable": "growth_rate", "FunctionParameters": {"C": "1.0"}}}]}, "R_respiration_enzyme_forward_capacity": {"index": 14, "Type": "<=", "AssociatedReaction": "R_respiration", "Direction": "forward", "AssociatedEnzyme": "R_respiration_enzyme", "ID": "R_respiration_enzyme_forward_capacity", "CapacityParameter": [{"k_respiration_efficiency_foreward": {"FunctionID": "k_respiration_efficiency_foreward", "FunctionType": "constant", "IndependentVariable": "growth_rate", "FunctionParameters": {"C": "1.0"}}}]}, "R_CitratCycle_enzyme_backward_capacity": {"index": 3, "Type": "<=", "AssociatedReaction": "R_CitratCycle", "Direction": "backward", "AssociatedEnzyme": "R_CitratCycle_enzyme", "ID": "R_CitratCycle_enzyme_backward_capacity", "CapacityParameter": [{"k_CitratCycle_efficiency_backward": {"FunctionID": "k_CitratCycle_efficiency_backward", "FunctionType": "constant", "IndependentVariable": "growth_rate", "FunctionParameters": {"C": "1.0"}}}]}, "R_UpperGlycolysis_enzyme_forward_capacity": {"index": 4, "Type": "<=", "AssociatedReaction": "R_UpperGlycolysis", "Direction": "forward", "AssociatedEnzyme": "R_UpperGlycolysis_enzyme", "ID": "R_UpperGlycolysis_enzyme_forward_capacity", "CapacityParameter": [{"k_UpperGlycolysis_efficiency_foreward": {"FunctionID": "k_UpperGlycolysis_efficiency_foreward", "FunctionType": "constant", "IndependentVariable": "growth_rate", "FunctionParameters": {"C": "1.0"}}}]}, "R_respiration_enzyme_backward_capacity": {"index": 5, "Type": "<=", "AssociatedReaction": "R_respiration", "Direction": "backward", "AssociatedEnzyme": "R_respiration_enzyme", "ID": "R_respiration_enzyme_backward_capacity", "CapacityParameter": [{"k_respiration_efficiency_backward": {"FunctionID": "k_respiration_efficiency_backward", "FunctionType": "constant", "IndependentVariable": "growth_rate", "FunctionParameters": {"C": "1.0"}}}]}, "R_fermentation_NAD_regeneration_enzyme_forward_capacity": {"index": 6, "Type": "<=", "AssociatedReaction": "R_fermentation_NAD_regeneration", "Direction": "forward", "AssociatedEnzyme": "R_fermentation_NAD_regeneration_enzyme", "ID": "R_fermentation_NAD_regeneration_enzyme_forward_capacity", "CapacityParameter": [{"k_fermentation_NAD_regeneration_efficiency_foreward": {"FunctionID": "k_fermentation_NAD_regeneration_efficiency_foreward", "FunctionType": "constant", "IndependentVariable": "growth_rate", "FunctionParameters": {"C": "1.0"}}}]}, "R_transport_enzyme_forward_capacity": {"index": 7, "Type": "<=", "AssociatedReaction": "R_transport", "Direction": "forward", "AssociatedEnzyme": "R_transport_enzyme", "ID": "R_transport_enzyme_forward_capacity", "CapacityParameter": [{"k_transporter_efficiency_foreward": {"FunctionID": "k_transporter_efficiency_foreward", "FunctionType": "michaelisMenten", "IndependentVariable": "M_Glucose_e", "FunctionParameters": {"Km": "1.0", "Vmax": "1.0"}}}]}, "R_UpperGlycolysis_enzyme_backward_capacity": {"index": 8, "Type": "<=", "AssociatedReaction": "R_UpperGlycolysis", "Direction": "backward", "AssociatedEnzyme": "R_UpperGlycolysis_enzyme", "ID": "R_UpperGlycolysis_enzyme_backward_capacity", "CapacityParameter": [{"k_UpperGlycolysis_efficiency_backward": {"FunctionID": "k_UpperGlycolysis_efficiency_backward", "FunctionType": "constant", "IndependentVariable": "growth_rate", "FunctionParameters": {"C": "1.0"}}}]}, "R_fermentation_NAD_regeneration_enzyme_backward_capacity": {"index": 9, "Type": "<=", "AssociatedReaction": "R_fermentation_NAD_regeneration", "Direction": "backward", "AssociatedEnzyme": "R_fermentation_NAD_regeneration_enzyme", "ID": "R_fermentation_NAD_regeneration_enzyme_backward_capacity", "CapacityParameter": [{"k_fermentation_NAD_regeneration_efficiency_backward": {"FunctionID": "k_fermentation_NAD_regeneration_efficiency_backward", "FunctionType": "constant", "IndependentVariable": "growth_rate", "FunctionParameters": {"C": "1.0"}}}]}, "R_CitratCycle_enzyme_forward_capacity": {"index": 10, "Type": "<=", "AssociatedReaction": "R_CitratCycle", "Direction": "forward", "AssociatedEnzyme": "R_CitratCycle_enzyme", "ID": "R_CitratCycle_enzyme_forward_capacity", "CapacityParameter": [{"k_CitratCycle_efficiency_foreward": {"FunctionID": "k_CitratCycle_efficiency_foreward", "FunctionType": "constant", "IndependentVariable": "growth_rate", "FunctionParameters": {"C": "0.1"}}}]}, "R_transport_enzyme_backward_capacity": {"index": 11, "Type": "<=", "AssociatedReaction": "R_transport", "Direction": "backward", "AssociatedEnzyme": "R_transport_enzyme", "ID": "R_transport_enzyme_backward_capacity", "CapacityParameter": [{"k_transporter_efficiency_backward": {"FunctionID": "k_transporter_efficiency_backward", "FunctionType": "michaelisMenten", "IndependentVariable": "M_Glucose_e", "FunctionParameters": {"Km": "1.0", "Vmax": "1.0"}}}]}, "R_AA_synthesis_enzyme_forward_capacity": {"index": 13, "Type": "<=", "AssociatedReaction": "R_AA_synthesis", "Direction": "forward", "AssociatedEnzyme": "R_AA_synthesis_enzyme", "ID": "R_AA_synthesis_enzyme_forward_capacity", "CapacityParameter": [{"k_AA_synthesis_efficiency_foreward": {"FunctionID": "k_AA_synthesis_efficiency_foreward", "FunctionType": "constant", "IndependentVariable": "growth_rate", "FunctionParameters": {"C": "1.0"}}}]}, "R_fermentation_ATP_generation_enzyme_backward_capacity": {"index": 12, "Type": "<=", "AssociatedReaction": "R_fermentation_ATP_generation", "Direction": "backward", "AssociatedEnzyme": "R_fermentation_ATP_generation_enzyme", "ID": "R_fermentation_ATP_generation_enzyme_backward_capacity", "CapacityParameter": [{"k_fermentation_ATP_generation_efficiency_backward": {"FunctionID": "k_fermentation_ATP_generation_efficiency_backward", "FunctionType": "constant", "IndependentVariable": "growth_rate", "FunctionParameters": {"C": "1.0"}}}]}}, "ModelStatistics": {"Biological constraints capacity": 14, "Enzymes Total": 7, "Reactions Total": 8, "RNAs Total": 0, "Metabolites Total": 8, "Reactions Unique": 8, "Reactions CompartmentTransport": 1, "Mathematical constraints inequalities": 16, "Processes Total": 1, "Enzymes Unique": 2, "Biological constraints density": 2, "DNAs Total": 0, "Reactions Reversible": 0, "Metabolites GrowthRelevant": 0, "Biological constraints metabolite": 7, "Reactions Enzymatic": 7, "Mathematical constraints variables": 16, "Targets_maintenance_atp_targets": 1, "Biological constraints process": 1, "Metabolites Internal": 7, "Reactions Internal": 7, "Reactions Spontaneous": 1, "Mathematical constraints equalities": 8, "Compartments Total": 2, "Targets_translation_targets": 1, "Reactions Exchange": 0, "Reactions Irreversible": 8, "Mathematical constraints constraints": 24, "Proteins Total": 3, "Modules Total": 0, "Metabolites External": 1, "Boundary Metabolites": 1}, "MediumDependencies": {"M_Glucose": ["R_transport_enzyme_forward_capacity", "R_transport_enzyme_backward_capacity"]}, "ProcessConstraint": {"P_TA_capacity": {"index": 1, "ID": "P_TA_capacity", "Type": "=", "AssociatedProcess": "P_TA", "CapacityParameter": [{"ribosome_capacity": {"FunctionID": "ribosome_capacity", "FunctionType": "constant", "IndependentVariable": "growth_rate", "FunctionParameters": {"C": "1.0"}}}]}}, "DensityConstraint": {"Membrane_density": {"index": 1, "ID": "Membrane_density", "Type": "<=", "CapacityParameter": [], "AssociatedCompartment": "Membrane"}, "Cytoplasm_density": {"index": 2, "ID": "Cytoplasm_density", "Type": "<=", "CapacityParameter": [], "AssociatedCompartment": "Cytoplasm"}}}