{"MuDependencies": [], "Metabolite": {"M_pyr_c": {"ReactionsInvolvedWith": ["R_UpperGlycolysis", "R_CitratCycle", "R_AA_synthesis", "R_fermentation_NAD_regeneration", "R_fermentation_ATP_generation"], "ID": "M_pyr_c", "Name": " ", "OtherIDs": {}, "Compartment": "c", "boundary": false, "index": 3, "Type": "internal"}, "M_NAD_c": {"ReactionsInvolvedWith": ["R_UpperGlycolysis", "R_CitratCycle", "R_fermentation_NAD_regeneration", "R_respiration"], "ID": "M_NAD_c", "Name": " ", "OtherIDs": {}, "Compartment": "c", "boundary": false, "index": 7, "Type": "internal"}, "M_ATP_c": {"ReactionsInvolvedWith": ["R_UpperGlycolysis", "R_fermentation_ATP_generation", "R_respiration", "R_maintenance_atp"], "ID": "M_ATP_c", "Name": " ", "OtherIDs": {}, "Compartment": "c", "boundary": false, "index": 6, "Type": "internal"}, "M_Glucose_e": {"ReactionsInvolvedWith": ["R_transport"], "ID": "M_Glucose_e", "Name": " ", "OtherIDs": {}, "Compartment": "e", "boundary": true, "index": 1, "Type": "external"}, "M_G6P_c": {"ReactionsInvolvedWith": ["R_transport", "R_UpperGlycolysis"], "ID": "M_G6P_c", "Name": " ", "OtherIDs": {}, "Compartment": "c", "boundary": false, "index": 2, "Type": "internal"}, "M_NADH_c": {"ReactionsInvolvedWith": ["R_UpperGlycolysis", "R_CitratCycle", "R_fermentation_NAD_regeneration", "R_respiration"], "ID": "M_NADH_c", "Name": " ", "OtherIDs": {}, "Compartment": "c", "boundary": false, "index": 8, "Type": "internal"}, "M_ADP_c": {"ReactionsInvolvedWith": ["R_UpperGlycolysis", "R_fermentation_ATP_generation", "R_respiration", "R_maintenance_atp"], "ID": "M_ADP_c", "Name": " ", "OtherIDs": {}, "Compartment": "c", "boundary": false, "index": 5, "Type": "internal"}, "M_AA_c": {"ReactionsInvolvedWith": ["R_AA_synthesis"], "ID": "M_AA_c", "Name": " ", "OtherIDs": {}, "Compartment": "c", "boundary": false, "index": 4, "Type": "internal"}}, "Macromolecule": {}, "ProteinGeneMatrix": {"Matrix": [[1.0, 0.0, 1.0], [0.0, 1.0, 0.0]], "ProtoProteins": ["Protein_standard", "Protein"], "Proteins": ["Protein_standard_cytoplasm", "Protein_target", "Protein_standard_membrane"]}, "Module": {}, "Target": {"Target_concentration_Protein_target": {"Group": "translation_targets", "TargetEntity": "Protein_target", "TargetValue": "nonenzymatic_proteins_Cytoplasm", "ID": "Target_concentration_Protein_target", "Type": "concentrations"}, "Target_flux_R_maintenance_atp": {"Group": "maintenance_atp_targets", "TargetEntity": "R_maintenance_atp", "TargetValue": "None", "ID": "Target_flux_R_maintenance_atp", "Type": "reaction_fluxes"}}, "Protein": {"Protein_standard_cytoplasm": {"SupportsProcess": ["Translation"], "associatedReactions": ["R_respiration", "R_fermentation_NAD_regeneration", "R_AA_synthesis", "R_CitratCycle", "R_UpperGlycolysis", "R_fermentation_ATP_generation"], "ID": "Protein_standard_cytoplasm", "associatedEnzymes": ["R_respiration_enzyme", "R_fermentation_NAD_regeneration_enzyme", "R_AA_synthesis_enzyme", "R_CitratCycle_enzyme", "R_UpperGlycolysis_enzyme", "R_fermentation_ATP_generation_enzyme"], "Compartment": "Cytoplasm", "Weight": NaN, "AAnumber": NaN, "Function": "", "AAcomposition": {"precursor": 1}, "ProcessRequirements": {"Translation": 1.0}, "index": 2, "Name": "", "ProtoID": "Protein_standard", "ExternalIDs": {}}, "Protein_target": {"SupportsProcess": [], "associatedReactions": [], "ID": "Protein_target", "associatedEnzymes": [], "Compartment": "Cytoplasm", "Weight": NaN, "AAnumber": NaN, "Function": "", "AAcomposition": {"precursor": 1}, "ProcessRequirements": {"Translation": 1.0}, "index": 3, "Name": "", "ProtoID": "Protein", "ExternalIDs": {}}, "Protein_standard_membrane": {"SupportsProcess": ["Translation"], "associatedReactions": ["R_transport"], "ID": "Protein_standard_membrane", "associatedEnzymes": ["R_transport_enzyme"], "Compartment": "Membrane", "Weight": NaN, "AAnumber": NaN, "Function": "", "AAcomposition": {"precursor": 1}, "ProcessRequirements": {"Translation": 1.0}, "index": 1, "Name": "", "ProtoID": "Protein_standard", "ExternalIDs": {}}}, "DensityConstraint": {"Cytoplasm_density": {"AssociatedCompartment": "Cytoplasm", "CapacityParameter": [], "ID": "Cytoplasm_density", "index": 1, "Type": "<="}, "Membrane_density": {"AssociatedCompartment": "Membrane", "CapacityParameter": [], "ID": "Membrane_density", "index": 2, "Type": "<="}}, "Reaction": {"R_respiration": {"Compartment_Machinery": ["Cytoplasm"], "ID": "R_respiration", "Reactants": {"M_NADH_c": 1, "M_ADP_c": 2.5}, "Formula": "1 M_NADH_c 2.5 M_ADP_c  <=> 1 M_NAD_c 2.5 M_ATP_c ", "Enzyme": "R_respiration_enzyme", "index": 7, "Compartment_Species": ["c"], "Twins": [], "Name": " ", "Products": {"M_NAD_c": 1, "M_ATP_c": 2.5}, "OtherIDs": {"ProtoID": "respiration"}, "Reversible": false, "Type": "Normal"}, "R_maintenance_atp": {"Compartment_Machinery": [], "ID": "R_maintenance_atp", "Reactants": {"M_ATP_c": 1}, "Formula": "1 M_ATP_c  <=> 1 M_ADP_c ", "Enzyme": "", "index": 8, "Compartment_Species": ["c"], "Twins": [], "Name": " ", "Products": {"M_ADP_c": 1}, "OtherIDs": {"ProtoID": "maintenance_atp"}, "Reversible": false, "Type": "Normal"}, "R_CitratCycle": {"Compartment_Machinery": ["Cytoplasm"], "ID": "R_CitratCycle", "Reactants": {"M_pyr_c": 1, "M_NAD_c": 4}, "Formula": "1 M_pyr_c 4 M_NAD_c  <=> 4 M_NADH_c ", "Enzyme": "R_CitratCycle_enzyme", "index": 3, "Compartment_Species": ["c"], "Twins": [], "Name": " ", "Products": {"M_NADH_c": 4}, "OtherIDs": {"ProtoID": "CitratCycle"}, "Reversible": false, "Type": "Normal"}, "R_transport": {"Compartment_Machinery": ["Membrane"], "ID": "R_transport", "Reactants": {"M_Glucose_e": 1}, "Formula": "1 M_Glucose_e  <=> 1 M_G6P_c ", "Enzyme": "R_transport_enzyme", "index": 1, "Compartment_Species": ["c", "e"], "Twins": [], "Name": " ", "Products": {"M_G6P_c": 1}, "OtherIDs": {"ProtoID": "transport"}, "Reversible": false, "Type": "Transport (-->)"}, "R_fermentation_NAD_regeneration": {"Compartment_Machinery": ["Cytoplasm"], "ID": "R_fermentation_NAD_regeneration", "Reactants": {"M_pyr_c": 1, "M_NADH_c": 2}, "Formula": "1 M_pyr_c 2 M_NADH_c  <=> 2 M_NAD_c ", "Enzyme": "R_fermentation_NAD_regeneration_enzyme", "index": 5, "Compartment_Species": ["c"], "Twins": [], "Name": " ", "Products": {"M_NAD_c": 2}, "OtherIDs": {"ProtoID": "fermentation_NAD_regeneration"}, "Reversible": false, "Type": "Normal"}, "R_UpperGlycolysis": {"Compartment_Machinery": ["Cytoplasm"], "ID": "R_UpperGlycolysis", "Reactants": {"M_G6P_c": 1, "M_NAD_c": 2, "M_ADP_c": 2}, "Formula": "1 M_G6P_c 2 M_NAD_c 2 M_ADP_c  <=> 1 M_pyr_c 2 M_NADH_c 2 M_ATP_c ", "Enzyme": "R_UpperGlycolysis_enzyme", "index": 2, "Compartment_Species": ["c"], "Twins": [], "Name": " ", "Products": {"M_pyr_c": 1, "M_NADH_c": 2, "M_ATP_c": 2}, "OtherIDs": {"ProtoID": "UpperGlycolysis"}, "Reversible": false, "Type": "Normal"}, "R_fermentation_ATP_generation": {"Compartment_Machinery": ["Cytoplasm"], "ID": "R_fermentation_ATP_generation", "Reactants": {"M_pyr_c": 1, "M_ADP_c": 1}, "Formula": "1 M_pyr_c 1 M_ADP_c  <=> 1 M_ATP_c ", "Enzyme": "R_fermentation_ATP_generation_enzyme", "index": 6, "Compartment_Species": ["c"], "Twins": [], "Name": " ", "Products": {"M_ATP_c": 1}, "OtherIDs": {"ProtoID": "fermentation_ATP_generation"}, "Reversible": false, "Type": "Normal"}, "R_AA_synthesis": {"Compartment_Machinery": ["Cytoplasm"], "ID": "R_AA_synthesis", "Reactants": {"M_pyr_c": 2, "M_NAD_c": 0, "M_ATP_c": 0}, "Formula": "2 M_pyr_c  <=> 1 M_AA_c ", "Enzyme": "R_AA_synthesis_enzyme", "index": 4, "Compartment_Species": ["c"], "Twins": [], "Name": " ", "Products": {"M_NADH_c": 0, "M_ADP_c": 0, "M_AA_c": 1}, "OtherIDs": {"ProtoID": "AA_synthesis"}, "Reversible": false, "Type": "Normal"}}, "Enzyme": {"R_respiration_enzyme": {"Isozymes": [], "EnzymeCompartment": ["Cytoplasm"], "ID": "R_respiration_enzyme", "Reaction": "R_respiration", "OtherIDs": {}, "IdenticalEnzymes": ["R_fermentation_NAD_regeneration_enzyme", "R_AA_synthesis_enzyme", "R_CitratCycle_enzyme", "R_UpperGlycolysis_enzyme", "R_fermentation_ATP_generation_enzyme"], "Subunits": {"Protein_standard_cytoplasm": 1}, "index": 7}, "R_fermentation_NAD_regeneration_enzyme": {"Isozymes": [], "EnzymeCompartment": ["Cytoplasm"], "ID": "R_fermentation_NAD_regeneration_enzyme", "Reaction": "R_fermentation_NAD_regeneration", "OtherIDs": {}, "IdenticalEnzymes": ["R_respiration_enzyme", "R_AA_synthesis_enzyme", "R_CitratCycle_enzyme", "R_UpperGlycolysis_enzyme", "R_fermentation_ATP_generation_enzyme"], "Subunits": {"Protein_standard_cytoplasm": 1}, "index": 5}, "R_AA_synthesis_enzyme": {"Isozymes": [], "EnzymeCompartment": ["Cytoplasm"], "ID": "R_AA_synthesis_enzyme", "Reaction": "R_AA_synthesis", "OtherIDs": {}, "IdenticalEnzymes": ["R_respiration_enzyme", "R_fermentation_NAD_regeneration_enzyme", "R_CitratCycle_enzyme", "R_UpperGlycolysis_enzyme", "R_fermentation_ATP_generation_enzyme"], "Subunits": {"Protein_standard_cytoplasm": 1}, "index": 4}, "R_CitratCycle_enzyme": {"Isozymes": [], "EnzymeCompartment": ["Cytoplasm"], "ID": "R_CitratCycle_enzyme", "Reaction": "R_CitratCycle", "OtherIDs": {}, "IdenticalEnzymes": ["R_respiration_enzyme", "R_fermentation_NAD_regeneration_enzyme", "R_AA_synthesis_enzyme", "R_UpperGlycolysis_enzyme", "R_fermentation_ATP_generation_enzyme"], "Subunits": {"Protein_standard_cytoplasm": 1}, "index": 3}, "R_UpperGlycolysis_enzyme": {"Isozymes": [], "EnzymeCompartment": ["Cytoplasm"], "ID": "R_UpperGlycolysis_enzyme", "Reaction": "R_UpperGlycolysis", "OtherIDs": {}, "IdenticalEnzymes": ["R_respiration_enzyme", "R_fermentation_NAD_regeneration_enzyme", "R_AA_synthesis_enzyme", "R_CitratCycle_enzyme", "R_fermentation_ATP_generation_enzyme"], "Subunits": {"Protein_standard_cytoplasm": 1}, "index": 2}, "R_fermentation_ATP_generation_enzyme": {"Isozymes": [], "EnzymeCompartment": ["Cytoplasm"], "ID": "R_fermentation_ATP_generation_enzyme", "Reaction": "R_fermentation_ATP_generation", "OtherIDs": {}, "IdenticalEnzymes": ["R_respiration_enzyme", "R_fermentation_NAD_regeneration_enzyme", "R_AA_synthesis_enzyme", "R_CitratCycle_enzyme", "R_UpperGlycolysis_enzyme"], "Subunits": {"Protein_standard_cytoplasm": 1}, "index": 6}, "R_transport_enzyme": {"Isozymes": [], "EnzymeCompartment": ["Membrane"], "ID": "R_transport_enzyme", "Reaction": "R_transport", "OtherIDs": {}, "IdenticalEnzymes": [], "Subunits": {"Protein_standard_membrane": 1}, "index": 1}}, "Compartment": {"Membrane": {"ID": "Membrane", "associatedEnzymes": ["R_transport_enzyme"], "associatedProteins": ["Protein_standard_membrane"], "index": 2, "associatedReactions": ["R_transport"], "associatedMacromolecules": []}, "Cytoplasm": {"ID": "Cytoplasm", "associatedEnzymes": ["R_AA_synthesis_enzyme", "R_CitratCycle_enzyme", "R_UpperGlycolysis_enzyme", "R_fermentation_ATP_generation_enzyme", "R_fermentation_NAD_regeneration_enzyme", "R_respiration_enzyme"], "associatedProteins": ["Protein_standard_cytoplasm", "Protein_target"], "index": 1, "associatedReactions": ["R_AA_synthesis", "R_CitratCycle", "R_UpperGlycolysis", "R_fermentation_ATP_generation", "R_fermentation_NAD_regeneration", "R_respiration"], "associatedMacromolecules": []}}, "MetaboliteConstraint": {"M_pyr_c": {"AssociatedMetabolite": "M_pyr_c", "ID": "M_pyr_c_mass_balance", "index": 1, "Type": "="}, "M_NAD_c": {"AssociatedMetabolite": "M_NAD_c", "ID": "M_NAD_c_mass_balance", "index": 2, "Type": "="}, "M_ATP_c": {"AssociatedMetabolite": "M_ATP_c", "ID": "M_ATP_c_mass_balance", "index": 3, "Type": "="}, "M_G6P_c": {"AssociatedMetabolite": "M_G6P_c", "ID": "M_G6P_c_mass_balance", "index": 4, "Type": "="}, "M_NADH_c": {"AssociatedMetabolite": "M_NADH_c", "ID": "M_NADH_c_mass_balance", "index": 5, "Type": "="}, "M_ADP_c": {"AssociatedMetabolite": "M_ADP_c", "ID": "M_ADP_c_mass_balance", "index": 6, "Type": "="}, "M_AA_c": {"AssociatedMetabolite": "M_AA_c", "ID": "M_AA_c_mass_balance", "index": 7, "Type": "="}}, "ProteinMatrix": {"Matrix": [[1.0, 1.0, 1.0, 1.0, 1.0, 0.0, 1.0, 1.0], [0.0, 0.0, 0.0, 0.0, 0.0, 0.0, 0.0, 0.0], [0.0, 0.0, 1.0, 0.0, 0.0, 1.0, 0.0, 0.0]], "Proteins": ["Protein_standard_cytoplasm", "Protein_target", "Protein_standard_membrane"], "Consumers": ["R_respiration_enzyme", "R_AA_synthesis_enzyme", "P_TA_machinery", "R_UpperGlycolysis_enzyme", "R_fermentation_ATP_generation_enzyme", "R_transport_enzyme", "R_fermentation_NAD_regeneration_enzyme", "R_CitratCycle_enzyme"]}, "MediumDependencies": {"M_Glucose": ["R_transport_enzyme_backward_capacity", "R_transport_enzyme_forward_capacity"]}, "ModelInformation": {"SBML-file": "Not Provided", "Reconstruction": "GSMM", "Author": "John Doe", "Organism": "Life", "Name": "ModelName"}, "EnzymeConstraint": {"R_respiration_enzyme_backward_capacity": {"CapacityParameter": [{"k_respiration_efficiency_backward": {"FunctionType": "constant", "FunctionParameters": {"C": "1.0"}, "IndependentVariable": "growth_rate", "FunctionID": "k_respiration_efficiency_backward"}}], "AssociatedReaction": "R_respiration", "ID": "R_respiration_enzyme_backward_capacity", "Direction": "backward", "AssociatedEnzyme": "R_respiration_enzyme", "index": 4, "Type": "<="}, "R_UpperGlycolysis_enzyme_forward_capacity": {"CapacityParameter": [{"k_UpperGlycolysis_efficiency_foreward": {"FunctionType": "constant", "FunctionParameters": {"C": "1.0"}, "IndependentVariable": "growth_rate", "FunctionID": "k_UpperGlycolysis_efficiency_foreward"}}], "AssociatedReaction": "R_UpperGlycolysis", "ID": "R_UpperGlycolysis_enzyme_forward_capacity", "Direction": "forward", "AssociatedEnzyme": "R_UpperGlycolysis_enzyme", "index": 2, "Type": "<="}, "R_fermentation_NAD_regeneration_enzyme_forward_capacity": {"CapacityParameter": [{"k_fermentation_NAD_regeneration_efficiency_foreward": {"FunctionType": "constant", "FunctionParameters": {"C": "1.0"}, "IndependentVariable": "growth_rate", "FunctionID": "k_fermentation_NAD_regeneration_efficiency_foreward"}}], "AssociatedReaction": "R_fermentation_NAD_regeneration", "ID": "R_fermentation_NAD_regeneration_enzyme_forward_capacity", "Direction": "forward", "AssociatedEnzyme": "R_fermentation_NAD_regeneration_enzyme", "index": 3, "Type": "<="}, "R_AA_synthesis_enzyme_forward_capacity": {"CapacityParameter": [{"k_AA_synthesis_efficiency_foreward": {"FunctionType": "constant", "FunctionParameters": {"C": "1.0"}, "IndependentVariable": "growth_rate", "FunctionID": "k_AA_synthesis_efficiency_foreward"}}], "AssociatedReaction": "R_AA_synthesis", "ID": "R_AA_synthesis_enzyme_forward_capacity", "Direction": "forward", "AssociatedEnzyme": "R_AA_synthesis_enzyme", "index": 1, "Type": "<="}, "R_CitratCycle_enzyme_forward_capacity": {"CapacityParameter": [{"k_CitratCycle_efficiency_foreward": {"FunctionType": "constant", "FunctionParameters": {"C": "0.1"}, "IndependentVariable": "growth_rate", "FunctionID": "k_CitratCycle_efficiency_foreward"}}], "AssociatedReaction": "R_CitratCycle", "ID": "R_CitratCycle_enzyme_forward_capacity", "Direction": "forward", "AssociatedEnzyme": "R_CitratCycle_enzyme", "index": 13, "Type": "<="}, "R_AA_synthesis_enzyme_backward_capacity": {"CapacityParameter": [{"k_AA_synthesis_efficiency_backward": {"FunctionType": "constant", "FunctionParameters": {"C": "1.0"}, "IndependentVariable": "growth_rate", "FunctionID": "k_AA_synthesis_efficiency_backward"}}], "AssociatedReaction": "R_AA_synthesis", "ID": "R_AA_synthesis_enzyme_backward_capacity", "Direction": "backward", "AssociatedEnzyme": "R_AA_synthesis_enzyme", "index": 6, "Type": "<="}, "R_fermentation_ATP_generation_enzyme_backward_capacity": {"CapacityParameter": [{"k_fermentation_ATP_generation_efficiency_backward": {"FunctionType": "constant", "FunctionParameters": {"C": "1.0"}, "IndependentVariable": "growth_rate", "FunctionID": "k_fermentation_ATP_generation_efficiency_backward"}}], "AssociatedReaction": "R_fermentation_ATP_generation", "ID": "R_fermentation_ATP_generation_enzyme_backward_capacity", "Direction": "backward", "AssociatedEnzyme": "R_fermentation_ATP_generation_enzyme", "index": 7, "Type": "<="}, "R_CitratCycle_enzyme_backward_capacity": {"CapacityParameter": [{"k_CitratCycle_efficiency_backward": {"FunctionType": "constant", "FunctionParameters": {"C": "1.0"}, "IndependentVariable": "growth_rate", "FunctionID": "k_CitratCycle_efficiency_backward"}}], "AssociatedReaction": "R_CitratCycle", "ID": "R_CitratCycle_enzyme_backward_capacity", "Direction": "backward", "AssociatedEnzyme": "R_CitratCycle_enzyme", "index": 8, "Type": "<="}, "R_fermentation_NAD_regeneration_enzyme_backward_capacity": {"CapacityParameter": [{"k_fermentation_NAD_regeneration_efficiency_backward": {"FunctionType": "constant", "FunctionParameters": {"C": "1.0"}, "IndependentVariable": "growth_rate", "FunctionID": "k_fermentation_NAD_regeneration_efficiency_backward"}}], "AssociatedReaction": "R_fermentation_NAD_regeneration", "ID": "R_fermentation_NAD_regeneration_enzyme_backward_capacity", "Direction": "backward", "AssociatedEnzyme": "R_fermentation_NAD_regeneration_enzyme", "index": 9, "Type": "<="}, "R_respiration_enzyme_forward_capacity": {"CapacityParameter": [{"k_respiration_efficiency_foreward": {"FunctionType": "constant", "FunctionParameters": {"C": "1.0"}, "IndependentVariable": "growth_rate", "FunctionID": "k_respiration_efficiency_foreward"}}], "AssociatedReaction": "R_respiration", "ID": "R_respiration_enzyme_forward_capacity", "Direction": "forward", "AssociatedEnzyme": "R_respiration_enzyme", "index": 10, "Type": "<="}, "R_UpperGlycolysis_enzyme_backward_capacity": {"CapacityParameter": [{"k_UpperGlycolysis_efficiency_backward": {"FunctionType": "constant", "FunctionParameters": {"C": "1.0"}, "IndependentVariable": "growth_rate", "FunctionID": "k_UpperGlycolysis_efficiency_backward"}}], "AssociatedReaction": "R_UpperGlycolysis", "ID": "R_UpperGlycolysis_enzyme_backward_capacity", "Direction": "backward", "AssociatedEnzyme": "R_UpperGlycolysis_enzyme", "index": 11, "Type": "<="}, "R_fermentation_ATP_generation_enzyme_forward_capacity": {"CapacityParameter": [{"k_fermentation_ATP_generation_efficiency_foreward": {"FunctionType": "constant", "FunctionParameters": {"C": "1.0"}, "IndependentVariable": "growth_rate", "FunctionID": "k_fermentation_ATP_generation_efficiency_foreward"}}], "AssociatedReaction": "R_fermentation_ATP_generation", "ID": "R_fermentation_ATP_generation_enzyme_forward_capacity", "Direction": "forward", "AssociatedEnzyme": "R_fermentation_ATP_generation_enzyme", "index": 12, "Type": "<="}, "R_transport_enzyme_backward_capacity": {"CapacityParameter": [{"k_transporter_efficiency_backward": {"FunctionType": "michaelisMenten", "FunctionParameters": {"Km": "1.0", "Vmax": "1.0"}, "IndependentVariable": "M_Glucose_e", "FunctionID": "k_transporter_efficiency_backward"}}], "AssociatedReaction": "R_transport", "ID": "R_transport_enzyme_backward_capacity", "Direction": "backward", "AssociatedEnzyme": "R_transport_enzyme", "index": 5, "Type": "<="}, "R_transport_enzyme_forward_capacity": {"CapacityParameter": [{"k_transporter_efficiency_foreward": {"FunctionType": "michaelisMenten", "FunctionParameters": {"Km": "1.0", "Vmax": "1.0"}, "IndependentVariable": "M_Glucose_e", "FunctionID": "k_transporter_efficiency_foreward"}}], "AssociatedReaction": "R_transport", "ID": "R_transport_enzyme_forward_capacity", "Direction": "forward", "AssociatedEnzyme": "R_transport_enzyme", "index": 14, "Type": "<="}}, "ModelStatistics": {"Biological constraints metabolite": 7, "Compartments Total": 2, "Mathematical constraints equalities": 8, "Mathematical constraints constraints": 24, "Reactions Unique": 8, "Metabolites External": 1, "Reactions Spontaneous": 1, "Reactions Enzymatic": 7, "Metabolites GrowthRelevant": 0, "Processes Total": 1, "Biological constraints process": 1, "Reactions CompartmentTransport": 1, "Metabolites Internal": 7, "Biological constraints density": 2, "Boundary Metabolites": 1, "Targets_maintenance_atp_targets": 1, "Modules Total": 0, "Reactions Internal": 7, "RNAs Total": 0, "Reactions Exchange": 0, "Mathematical constraints variables": 16, "Reactions Reversible": 0, "Metabolites Total": 8, "Enzymes Unique": 2, "DNAs Total": 0, "Mathematical constraints inequalities": 16, "Targets_translation_targets": 1, "Reactions Irreversible": 8, "Reactions Total": 8, "Enzymes Total": 7, "Biological constraints capacity": 14, "Proteins Total": 3}, "Process": {"Translation": {"Components": {"precursor": {"Cost": 1.0, "Reactants": {"M_ATP_c": 0.0, "M_AA_c": 1.0}, "Products": {"M_ADP_c": 0.0}}}, "ID": "P_TA", "Name": "Translation", "Composition": {"Protein_standard_cytoplasm": 1, "Protein_standard_membrane": 1}, "index": 1, "Initiation": "undefined"}}, "ProcessConstraint": {"P_TA_capacity": {"AssociatedProcess": "P_TA", "Type": "=", "ID": "P_TA_capacity", "index": 1, "CapacityParameter": [{"ribosome_capacity": {"FunctionType": "constant", "FunctionParameters": {"C": "1.0"}, "IndependentVariable": "growth_rate", "FunctionID": "ribosome_capacity"}}]}}}