<RBADna>
  <listOfComponents>
    <component id="A" name="Adenosine residue" type="Nucleotide" weight="0"/>
    <component id="C" name="Cytosine residue" type="Nucleotide" weight="0"/>
    <component id="G" name="Guanine residue" type="Nucleotide" weight="0"/>
    <component id="T" name="Thymine residue" type="Nucleotide" weight="0"/>
  </listOfComponents>
  <listOfMacromolecules>
    <macromolecule id="dna" compartment="Cytoplasm">
      <composition>
        <componentReference component="G" stoichiometry="0.2171"/>
        <componentReference component="T" stoichiometry="0.283"/>
        <componentReference component="C" stoichiometry="0.2181"/>
        <componentReference component="A" stoichiometry="0.2818"/>
      </composition>
    </macromolecule>
  </listOfMacromolecules>
</RBADna>
