<RBARnas>
  <listOfComponents>
    <component id="A" name="Adenosine residue" type="Nucleotide" weight="2.9036"/>
    <component id="C" name="Cytosine residue" type="Nucleotide" weight="2.7017"/>
    <component id="G" name="Guanine residue" type="Nucleotide" weight="3.0382"/>
    <component id="U" name="Uramine residue" type="Nucleotide" weight="2.7102"/>
  </listOfComponents>
  <listOfMacromolecules>
    <macromolecule id="M_trna_c" compartment="Cytoplasm">
      <composition>
        <componentReference component="A" stoichiometry="15.6"/>
        <componentReference component="U" stoichiometry="16.866666666666667"/>
        <componentReference component="C" stoichiometry="21.6"/>
        <componentReference component="G" stoichiometry="23.733333333333334"/>
      </composition>
    </macromolecule>
    <macromolecule id="trnasecys" compartment="Cytoplasm">
      <composition>
        <componentReference component="A" stoichiometry="13.0"/>
        <componentReference component="U" stoichiometry="20.0"/>
        <componentReference component="C" stoichiometry="27.0"/>
        <componentReference component="G" stoichiometry="31.0"/>
      </composition>
    </macromolecule>
    <macromolecule id="M_trna2_c" compartment="Cytoplasm">
      <composition>
        <componentReference component="A" stoichiometry="18.2"/>
        <componentReference component="U" stoichiometry="16.4"/>
        <componentReference component="C" stoichiometry="22.0"/>
        <componentReference component="G" stoichiometry="20.8"/>
      </composition>
    </macromolecule>
    <macromolecule id="mrna" compartment="Cytoplasm">
      <composition>
        <componentReference component="G" stoichiometry="0.2171"/>
        <componentReference component="U" stoichiometry="0.283"/>
        <componentReference component="C" stoichiometry="0.2181"/>
        <componentReference component="A" stoichiometry="0.2818"/>
      </composition>
    </macromolecule>
    <macromolecule id="rrnO-16S" compartment="Cytoplasm">
      <composition>
        <componentReference component="G" stoichiometry="491"/>
        <componentReference component="U" stoichiometry="315"/>
        <componentReference component="C" stoichiometry="365"/>
        <componentReference component="A" stoichiometry="382"/>
      </composition>
    </macromolecule>
    <macromolecule id="rrnO-23S" compartment="Cytoplasm">
      <composition>
        <componentReference component="G" stoichiometry="920"/>
        <componentReference component="U" stoichiometry="571"/>
        <componentReference component="C" stoichiometry="658"/>
        <componentReference component="A" stoichiometry="779"/>
      </composition>
    </macromolecule>
    <macromolecule id="rrnO-5S" compartment="Cytoplasm">
      <composition>
        <componentReference component="G" stoichiometry="35"/>
        <componentReference component="U" stoichiometry="23"/>
        <componentReference component="C" stoichiometry="31"/>
        <componentReference component="A" stoichiometry="23"/>
      </composition>
    </macromolecule>
  </listOfMacromolecules>
</RBARnas>
