<RBATargets>
  <listOfTargetGroups>
    <targetGroup id="translation_targets">
      <listOfConcentrations>
        <targetSpecies value="nonenzymatic_proteins_Secreted" species="average_protein_Secreted"/>
        <targetSpecies value="nonenzymatic_proteins_Cell_membrane" species="average_protein_Cell_membrane"/>
        <targetSpecies value="nonenzymatic_proteins_Cytoplasm" species="average_protein_Cytoplasm"/>
      </listOfConcentrations>
    </targetGroup>
    <targetGroup id="transcription_targets">
      <listOfConcentrations>
        <targetSpecies value="mrna_concentration" species="mrna"/>
      </listOfConcentrations>
      <listOfProductionFluxes>
        <targetSpecies value="mrna_degradation_flux" species="mrna"/>
      </listOfProductionFluxes>
    </targetGroup>
    <targetGroup id="replication_targets">
      <listOfConcentrations>
        <targetSpecies value="dna_concentration" species="dna"/>
      </listOfConcentrations>
    </targetGroup>
    <targetGroup id="rna_degradation">
      <listOfDegradationFluxes>
        <targetSpecies value="mrna_degradation_flux" species="mrna"/>
      </listOfDegradationFluxes>
    </targetGroup>
    <targetGroup id="metabolite_production">
      <listOfConcentrations>
        <targetSpecies value="TRNAGLN_concentration" species="M_trna2_c"/>
        <targetSpecies value="ATP_concentration" species="M_atp_c"/>
        <targetSpecies value="TRNAPRO_concentration" species="M_trna_c"/>
        <targetSpecies value="NAD_concentration" species="M_nad_c"/>
        <targetSpecies value="TRNAGLY_concentration" species="M_trna_c"/>
        <targetSpecies value="TRNAASN_concentration" species="M_trna_c"/>
        <targetSpecies value="NADPH_concentration" species="M_nadph_c"/>
        <targetSpecies value="GTP_concentration" species="M_gtp_c"/>
        <targetSpecies value="PPi_concentration" species="M_pp_c"/>
        <targetSpecies value="SPMD_concentration" species="M_sprm_c"/>
        <targetSpecies value="TRNATYR_concentration" species="M_trna_c"/>
        <targetSpecies value="TRNAALA_concentration" species="M_trna_c"/>
        <targetSpecies value="TRNAARG_concentration" species="M_trna_c"/>
        <targetSpecies value="TRNALEU_concentration" species="M_trna2_c"/>
        <targetSpecies value="NADP_concentration" species="M_nadp_c"/>
        <targetSpecies value="TRNASER_concentration" species="M_trna_c"/>
        <targetSpecies value="CTP_concentration" species="M_ctp_c"/>
        <targetSpecies value="TRNAILE_concentration" species="M_trna_c"/>
        <targetSpecies value="TRNAHIS_concentration" species="M_trna_c"/>
        <targetSpecies value="AMP_concentration" species="M_amp_c"/>
        <targetSpecies value="GMP_concentration" species="M_gmp_c"/>
        <targetSpecies value="TRNAVAL_concentration" species="M_trna_c"/>
        <targetSpecies value="TRNAMET_concentration" species="M_trna_c"/>
        <targetSpecies value="TRNAGLU_concentration" species="M_trna2_c"/>
        <targetSpecies value="TRNATRP_concentration" species="M_trna_c"/>
        <targetSpecies value="K_concentration" species="M_k_c"/>
        <targetSpecies value="TRNACYS_concentration" species="M_trna2_c"/>
        <targetSpecies value="TRNAPHE_concentration" species="M_trna_c"/>
        <targetSpecies value="TRNATHR_concentration" species="M_trna2_c"/>
        <targetSpecies value="TRNALYS_concentration" species="M_trna_c"/>
        <targetSpecies value="GDP_concentration" species="M_gdp_c"/>
        <targetSpecies value="COA_concentration" species="M_coa_c"/>
        <targetSpecies value="TRNAASP_concentration" species="M_trna_c"/>
        <targetSpecies value="CMP_concentration" species="M_cmp_c"/>
        <targetSpecies value="CDP_concentration" species="M_cdp_c"/>
        <targetSpecies value="ADP_concentration" species="M_adp_c"/>
        <targetSpecies value="10FTHF_concentration" species="M_fthf_c"/>
        <targetSpecies value="Pi_concentration" species="M_p_c"/>
      </listOfConcentrations>
    </targetGroup>
    <targetGroup id="macrocomponent_production">
      <listOfConcentrations>
        <targetSpecies value="M_mmq_c_concentration" species="M_mmq_c"/>
        <targetSpecies value="M_pe_c_concentration" species="M_pe_c"/>
        <targetSpecies value="M_pgout_c_concentration" species="M_pgout_c"/>
        <targetSpecies value="M_put_c_concentration" species="M_put_c"/>
        <targetSpecies value="M_wtaout_c_concentration" species="M_wtaout_c"/>
        <targetSpecies value="M_cl_c_concentration" species="M_cl_c"/>
        <targetSpecies value="M_lyspg_c_concentration" species="M_lyspg_c"/>
        <targetSpecies value="M_3gdg_c_concentration" species="M_3gdg_c"/>
        <targetSpecies value="M_pgo_c_concentration" species="M_pgo_c"/>
        <targetSpecies value="M_2gdg_c_concentration" species="M_2gdg_c"/>
        <targetSpecies value="M_1gdg_c_concentration" species="M_1gdg_c"/>
      </listOfConcentrations>
    </targetGroup>
    <targetGroup id="maintenance_atp_target">
      <listOfReactionFluxes>
        <targetReaction lowerBound="maintenance_atp" reaction="R_maintenance_atp"/>
      </listOfReactionFluxes>
    </targetGroup>
    <targetGroup id="flagella_activation">
      <listOfReactionFluxes>
        <targetReaction value="flagella_proton_flux" reaction="Th"/>
      </listOfReactionFluxes>
    </targetGroup>
  </listOfTargetGroups>
</RBATargets>
