<RBAMetabolism>
  <listOfCompartments>
    <compartment id="Cytoplasm"/>
    <compartment id="Membrane"/>
  </listOfCompartments>
  <listOfSpecies>
    <species id="M_Glucose_e" boundaryCondition="true"/>
    <species id="M_G6P_c" boundaryCondition="false"/>
    <species id="M_pyr_c" boundaryCondition="false"/>
    <species id="M_AA_c" boundaryCondition="false"/>
    <species id="M_ADP_c" boundaryCondition="false"/>
    <species id="M_ATP_c" boundaryCondition="false"/>
    <species id="M_NAD_c" boundaryCondition="false"/>
    <species id="M_NADH_c" boundaryCondition="false"/>
  </listOfSpecies>
  <listOfReactions>
    <reaction id="R_transport" reversible="false">
      <listOfReactants>
        <speciesReference species="M_Glucose_e" stoichiometry="1.0"/>
      </listOfReactants>
      <listOfProducts>
        <speciesReference species="M_G6P_c" stoichiometry="1.0"/>
      </listOfProducts>
    </reaction>
    <reaction id="R_UpperGlycolysis" reversible="false">
      <listOfReactants>
        <speciesReference species="M_G6P_c" stoichiometry="1.0"/>
        <speciesReference species="M_ADP_c" stoichiometry="2.0"/>
        <speciesReference species="M_NAD_c" stoichiometry="2.0"/>
      </listOfReactants>
      <listOfProducts>
        <speciesReference species="M_pyr_c" stoichiometry="1.0"/>
        <speciesReference species="M_ATP_c" stoichiometry="2.0"/>
        <speciesReference species="M_NADH_c" stoichiometry="2.0"/>
      </listOfProducts>
    </reaction>
    <reaction id="R_CitratCycle" reversible="false">
      <listOfReactants>
        <speciesReference species="M_pyr_c" stoichiometry="1.0"/>
        <speciesReference species="M_NAD_c" stoichiometry="4.0"/>
      </listOfReactants>
      <listOfProducts>
        <speciesReference species="M_NADH_c" stoichiometry="4.0"/>
      </listOfProducts>
    </reaction>
    <reaction id="R_AA_synthesis" reversible="false">
      <listOfReactants>
        <speciesReference species="M_pyr_c" stoichiometry="2.0"/>
        <speciesReference species="M_NAD_c" stoichiometry="0"/>
        <speciesReference species="M_ATP_c" stoichiometry="0"/>
      </listOfReactants>
      <listOfProducts>
        <speciesReference species="M_AA_c" stoichiometry="1.0"/>
        <speciesReference species="M_NADH_c" stoichiometry="0"/>
        <speciesReference species="M_ADP_c" stoichiometry="0"/>
      </listOfProducts>
    </reaction>
    <reaction id="R_fermentation_NAD_regeneration" reversible="false">
      <listOfReactants>
        <speciesReference species="M_pyr_c" stoichiometry="1.0"/>
        <speciesReference species="M_NADH_c" stoichiometry="2.0"/>
      </listOfReactants>
      <listOfProducts>
        <speciesReference species="M_NAD_c" stoichiometry="2.0"/>
      </listOfProducts>
    </reaction>
    <reaction id="R_fermentation_ATP_generation" reversible="false">
      <listOfReactants>
        <speciesReference species="M_pyr_c" stoichiometry="1.0"/>
        <speciesReference species="M_ADP_c" stoichiometry="1.0"/>
      </listOfReactants>
      <listOfProducts>
        <speciesReference species="M_ATP_c" stoichiometry="1.0"/>
      </listOfProducts>
    </reaction>
    <reaction id="R_respiration" reversible="false">
      <listOfReactants>
        <speciesReference species="M_NADH_c" stoichiometry="1.0"/>
        <speciesReference species="M_ADP_c" stoichiometry="2.5"/>
      </listOfReactants>
      <listOfProducts>
        <speciesReference species="M_NAD_c" stoichiometry="1.0"/>
        <speciesReference species="M_ATP_c" stoichiometry="2.5"/>
      </listOfProducts>
    </reaction>
    <reaction id="R_maintenance_atp" reversible="false">
      <listOfReactants>
        <speciesReference species="M_ATP_c" stoichiometry="1.0"/>
      </listOfReactants>
      <listOfProducts>
        <speciesReference species="M_ADP_c" stoichiometry="1.0"/>
      </listOfProducts>
    </reaction>
  </listOfReactions>
</RBAMetabolism>
