<RBAProteins>
	<listOfComponents>
		<component id="precursor" name="" type="amino_acid" weight="1"/>
	</listOfComponents>
	<listOfMacromolecules>
		<macromolecule id="Protein_standard_membrane" compartment="Membrane">
			<composition>
				<componentReference component="precursor" stoichiometry="1"/>
			</composition>
		</macromolecule>
		<macromolecule id="Protein_standard_cytoplasm" compartment="Cytoplasm">
			<composition>
				<componentReference component="precursor" stoichiometry="1"/>
			</composition>
		</macromolecule>
		<macromolecule id="Protein_target" compartment="Cytoplasm">
			<composition>
				<componentReference component="precursor" stoichiometry="1"/>
			</composition>
		</macromolecule>
	</listOfMacromolecules>
</RBAProteins>